1008951219000188122382358     M. DOS SANTOS ALMEIDA              SAO BERNARDO                  MA98985796372025080120250831331
11RUA BERNARDO LIMA                 01155                      CENTRO         65550000M. DOS SANTOS ALMEIDA       098985796375
5020250801651  0075465102P000000000061800000000000000000000000000000000000000700000000000000000N
5020250801651  0075465102P000000000088200000000000000000000000000000000000001000000000000000000N
5454545454545454545454545454545454545454545454545454545454545454545454545454545454545454545454545454545454545454545454545454545454545454545454545454545454545454545454545454545454545454545454545454545454545454545454545454545454545400000000000000651  0076245102000999              000000000000000000000000000000000010000000000000000000000000000000000000000
54545454545454545454545454545454545454545454545454545454545454545454545454545454545454545454545400000000000000651  0076515102000999              000000000000000000000000000000000060000000000000000000000000000000000000000
5454545454545454545454545454545454545400000000000000651  0076645102000999              000000000000000000000000000000000020000000000000000000000000000000000000000
5454545454545454545454545454545400000000000000651  0076735102000999              000000000000000000000000000000000020000000000000000000000000000000000000000
545454545454545454545454545454545454545454545454545454545454545454545454545454545454545454545454545454545454545454545454545454545454545454545454545454545454545454545454545454545454545454545454545454545454545454545400000000000000651  0077285102000999              000000000000000000000000000000000060000000000000000000000000000000000000000
54545454545454545454545454545454545454545454545454545454545454545454545454545454545454545454545454545454545454545454545454545454545454545454545454545400000000000000651  0077615102000999              000000000000000000000000000000000080000000000000000000000000000000000000000
5454545454545454545454545454545454545454545454545454545454545454545454545454545454545454545454545454545454545454545454545454545454545454545454545454545454545454545454545454545454545454545454545454545454545454545454545454545454545454545454545454545454545454545454545454545454545454545454545454545454545454545454545454545454545454545454545454545454545454545454545454545454545454545454545454545454545454545454545454545454545454545454545454545454545454545454545454545454545454545454545454545454545454545454545454545454545454545454545454545454545454545454545454545454545454545454545454545454545454545454545454545454545454545454545454545454545454545454545454545454545454545454545454545454545454545454545454545454545454545454545454545454545454545454545454545454545454545454545454545454545454545454545454545454545454545454545454545454545454545454545454545454545454545454545454545454545454545454545454545454545454545461                            20250801651    00754600754600000000015000000000000000000000000000000000000000000000000000000000 
61                            20250801651    00754700754700000000073000000000000000000000000000000000000000000000000000000000 
61                            20250801651    00754800754800000000010000000000000000000000000000000000000000000000000000000000 
61                            20250801651    00754900754900000000112000000000000000000000000000000000000000000000000000000000 
61                            20250801651    00755000755000000000024000000000000000000000000000000000000000000000000000000000 
61                            20250801651    00755100755100000000040000000000000000000000000000000000000000000000000000000000 
61                            20250801651    00755200755200000000020000000000000000000000000000000000000000000000000000000000 
61                            20250801651    00755300755300000000066000000000000000000000000000000000000000000000000000000000 
61                            20250801651    00755400755400000000018000000000000000000000000000000000000000000000000000000000 
61                            20250801651    00755500755500000000014000000000000000000000000000000000000000000000000000000000 
61                            20250801651    00755600755600000000015000000000000000000000000000000000000000000000000000000000 
61                            20250801651    00755700755700000000003000000000000000000000000000000000000000000000000000000000 
61                            20250801651    00755800755800000000018000000000000000000000000000000000000000000000000000000000 
61                            20250801651    00755900755900000000050000000000000000000000000000000000000000000000000000000000 
61                            20250801651    00756000756000000000064000000000000000000000000000000000000000000000000000000000 
61                            20250801651    00756100756100000000017000000000000000000000000000000000000000000000000000000000 
61                            20250801651    00756200756200000000019000000000000000000000000000000000000000000000000000000000 
61                            20250801651    00756300756300000000015000000000000000000000000000000000000000000000000000000000 
61                            20250801651    00756400756400000000013000000000000000000000000000000000000000000000000000000000 
61                            20250801651    00756500756500000000005000000000000000000000000000000000000000000000000000000000 
61                            20250801651    00756600756600000000013000000000000000000000000000000000000000000000000000000000 
61                            20250801651    00756700756700000000002000000000000000000000000000000000000000000000000000000000 
61                            20250801651    00756800756800000000048000000000000000000000000000000000000000000000000000000000 
61                            20250802651    00756900756900000000010000000000000000000000000000000000000000000000000000000000 
61                            20250802651    00757000757000000000051000000000000000000000000000000000000000000000000000000000 
61                            20250802651    00757100757100000000002000000000000000000000000000000000000000000000000000000000 
61                            20250802651    00757200757200000000005000000000000000000000000000000000000000000000000000000000 
61                            20250802651    00757300757300000000023000000000000000000000000000000000000000000000000000000000 
61                            20250802651    00757400757400000000023000000000000000000000000000000000000000000000000000000000 
61                            20250802651    00757500757500000000023000000000000000000000000000000000000000000000000000000000 
61                            20250802651    00757600757600000000023000000000000000000000000000000000000000000000000000000000 
61                            20250802651    00757700757700000000065000000000000000000000000000000000000000000000000000000000 
61                            20250802651    00757800757800000000027000000000000000000000000000000000000000000000000000000000 
61                            20250802651    00757900757900000000004000000000000000000000000000000000000000000000000000000000 
61                            20250802651    00758000758000000000005000000000000000000000000000000000000000000000000000000000 
61                            20250802651    00758100758100000000010000000000000000000000000000000000000000000000000000000000 
61                            20250802651    00758200758200000000005000000000000000000000000000000000000000000000000000000000 
61                            20250802651    00758300758300000000135000000000000000000000000000000000000000000000000000000000 
61                            20250802651    00758400758400000000025000000000000000000000000000000000000000000000000000000000 
61                            20250802651    00758500758500000000015000000000000000000000000000000000000000000000000000000000 
61                            20250802651    00758600758600000000013000000000000000000000000000000000000000000000000000000000 
61                            20250804651    00758700758700000000010000000000000000000000000000000000000000000000000000000000 
61                            20250804651    00758800758800000000015000000000000000000000000000000000000000000000000000000000 
61                            20250804651    00758900758900000000008000000000000000000000000000000000000000000000000000000000 
61                            20250804651    00759000759000000000025000000000000000000000000000000000000000000000000000000000 
61                            20250804651    00759100759100000000020000000000000000000000000000000000000000000000000000000000 
61                            20250804651    00759200759200000000042000000000000000000000000000000000000000000000000000000000 
61                            20250804651    00759300759300000000016000000000000000000000000000000000000000000000000000000000 
61                            20250804651    00759400759400000000013000000000000000000000000000000000000000000000000000000000 
61                            20250804651    00759500759500000000015000000000000000000000000000000000000000000000000000000000 
61                            20250804651    00759600759600000000005000000000000000000000000000000000000000000000000000000000 
61                            20250804651    00759700759700000000018000000000000000000000000000000000000000000000000000000000 
61                            20250804651    00759800759800000000020000000000000000000000000000000000000000000000000000000000 
61                            20250804651    00759900759900000000008000000000000000000000000000000000000000000000000000000000 
61                            20250804651    00760000760000000000015000000000000000000000000000000000000000000000000000000000 
61                            20250804651    00760100760100000000139000000000000000000000000000000000000000000000000000000000 
61                            20250804651    00760200760200000000005000000000000000000000000000000000000000000000000000000000 
61                            20250804651    00760300760300000000020000000000000000000000000000000000000000000000000000000000 
61                            20250804651    00760400760400000000019000000000000000000000000000000000000000000000000000000000 
61                            20250804651    00760500760500000000015000000000000000000000000000000000000000000000000000000000 
61                            20250804651    00760600760600000000005000000000000000000000000000000000000000000000000000000000 
61                            20250805651    00760700760700000000015000000000000000000000000000000000000000000000000000000000 
61                            20250805651    00760800760800000000008000000000000000000000000000000000000000000000000000000000 
61                            20250805651    00760900760900000000006000000000000000000000000000000000000000000000000000000000 
61                            20250805651    00761000761000000000015000000000000000000000000000000000000000000000000000000000 
61                            20250805651    00761100761100000000028000000000000000000000000000000000000000000000000000000000 
61                            20250805651    00761200761200000000005000000000000000000000000000000000000000000000000000000000 
61                            20250805651    00761300761300000000007000000000000000000000000000000000000000000000000000000000 
61                            20250805651    00761400761400000000012000000000000000000000000000000000000000000000000000000000 
61                            20250805651    00761500761500000000008000000000000000000000000000000000000000000000000000000000 
61                            20250805651    00761600761600000000005000000000000000000000000000000000000000000000000000000000 
61                            20250805651    00761700761700000000020000000000000000000000000000000000000000000000000000000000 
61                            20250805651    00761800761800000000036000000000000000000000000000000000000000000000000000000000 
61                            20250805651    00761900761900000000012000000000000000000000000000000000000000000000000000000000 
61                            20250805651    00762000762000000000010000000000000000000000000000000000000000000000000000000000 
61                            20250805651    00762100762100000000015000000000000000000000000000000000000000000000000000000000 
61                            20250805651    00762200762200000000013000000000000000000000000000000000000000000000000000000000 
61                            20250805651    00762300762300000000020000000000000000000000000000000000000000000000000000000000 
61                            20250805651    00762400762400000000019000000000000000000000000000000000000000000000000001000000 
61                            20250805651    00762500762500000000092000000000000000000000000000000000000000000000000000000000 
61                            20250805651    00762600762600000000038000000000000000000000000000000000000000000000000000000000 
61                            20250805651    00762700762700000000243000000000000000000000000000000000000000000000000000000000 
61                            20250806651    00762800762800000000005000000000000000000000000000000000000000000000000000000000 
61                            20250806651    00762900762900000000015000000000000000000000000000000000000000000000000000000000 
61                            20250806651    00763000763000000000030000000000000000000000000000000000000000000000000000000000 
61                            20250806651    00763100763100000000023000000000000000000000000000000000000000000000000000000000 
61                            20250806651    00763200763200000000023000000000000000000000000000000000000000000000000000000000 
61                            20250806651    00763300763300000000005000000000000000000000000000000000000000000000000000000000 
61                            20250806651    00763400763400000000065000000000000000000000000000000000000000000000000000000000 
61                            20250806651    00763500763500000000023000000000000000000000000000000000000000000000000000000000 
61                            20250806651    00763600763600000000028000000000000000000000000000000000000000000000000000000000 
61                            20250806651    00763700763700000000023000000000000000000000000000000000000000000000000000000000 
61                            20250806651    00763800763800000000110000000000000000000000000000000000000000000000000000000000 
61                            20250806651    00763900763900000000065000000000000000000000000000000000000000000000000000000000 
61                            20250806651    00764000764000000000002500000000000000000000000000000000000000000000000000000000 
61                            20250806651    00764100764100000000010000000000000000000000000000000000000000000000000000000000 
61                            20250806651    00764200764200000000045000000000000000000000000000000000000000000000000000000000 
61                            20250807651    00764300764300000000029000000000000000000000000000000000000000000000000000000000 
61                            20250807651    00764400764400000000005000000000000000000000000000000000000000000000000000000000 
61                            20250807651    00764500764500000000052000000000000000000000000000000000000000000000000000000000 
61                            20250807651    00764600764600000000030000000000000000000000000000000000000000000000000000000000 
61                            20250807651    00764700764700000000103000000000000000000000000000000000000000000000000000000000 
61                            20250807651    00764800764800000000015000000000000000000000000000000000000000000000000000000000 
61                            20250807651    00764900764900000000062000000000000000000000000000000000000000000000000000000000 
61                            20250807651    00765000765000000000022000000000000000000000000000000000000000000000000000000000 
61                            20250807651    00765100765100000000065000000000000000000000000000000000000000000000000006000000 
61                            20250807651    00765200765200000000009000000000000000000000000000000000000000000000000000000000 
61                            20250807651    00765300765300000000005000000000000000000000000000000000000000000000000000000000 
61                            20250807651    00765400765400000000004200000000000000000000000000000000000000000000000000000000 
61                            20250807651    00765500765500000000015000000000000000000000000000000000000000000000000000000000 
61                            20250807651    00765600765600000000045000000000000000000000000000000000000000000000000000000000 
61                            20250807651    00765700765700000000050000000000000000000000000000000000000000000000000000000000 
61                            20250808651    00765800765800000000140000000000000000000000000000000000000000000000000000000000 
61                            20250808651    00765900765900000000015000000000000000000000000000000000000000000000000000000000 
61                            20250808651    00766000766000000000023000000000000000000000000000000000000000000000000000000000 
61                            20250808651    00766100766100000000014000000000000000000000000000000000000000000000000000000000 
61                            20250808651    00766200766200000000010000000000000000000000000000000000000000000000000000000000 
61                            20250808651    00766300766300000000010000000000000000000000000000000000000000000000000000000000 
61                            20250808651    00766400766400000000032000000000000000000000000000000000000000000000000002000000 
61                            20250808651    00766500766500000000060000000000000000000000000000000000000000000000000000000000 
61                            20250808651    00766600766600000000018000000000000000000000000000000000000000000000000000000000 
61                            20250808651    00766700766700000000038000000000000000000000000000000000000000000000000000000000 
61                            20250808651    00766800766800000000003000000000000000000000000000000000000000000000000000000000 
61                            20250808651    00766900766900000000020000000000000000000000000000000000000000000000000000000000 
61                            20250808651    00767000767000000000038000000000000000000000000000000000000000000000000000000000 
61                            20250808651    00767100767100000000005000000000000000000000000000000000000000000000000000000000 
61                            20250808651    00767200767200000000048000000000000000000000000000000000000000000000000000000000 
61                            20250808651    00767300767300000000062000000000000000000000000000000000000000000000000002000000 
61                            20250808651    00767400767400000000048000000000000000000000000000000000000000000000000000000000 
61                            20250809651    00767500767500000000017500000000000000000000000000000000000000000000000000000000 
61                            20250809651    00767600767600000000063000000000000000000000000000000000000000000000000000000000 
61                            20250809651    00767700767700000000349000000000000000000000000000000000000000000000000000000000 
61                            20250809651    00767800767800000000077000000000000000000000000000000000000000000000000000000000 
61                            20250809651    00767900767900000000077000000000000000000000000000000000000000000000000000000000 
61                            20250809651    00768000768000000000015000000000000000000000000000000000000000000000000000000000 
61                            20250809651    00768100768100000000010000000000000000000000000000000000000000000000000000000000 
61                            20250809651    00768200768200000000004000000000000000000000000000000000000000000000000000000000 
61                            20250809651    00768300768300000000102900000000000000000000000000000000000000000000000000000000 
61                            20250809651    00768400768400000000062000000000000000000000000000000000000000000000000000000000 
61                            20250809651    00768500768500000000040000000000000000000000000000000000000000000000000000000000 
61                            20250809651    00768600768600000000163000000000000000000000000000000000000000000000000000000000 
61                            20250809651    00768700768700000000048000000000000000000000000000000000000000000000000000000000 
61                            20250809651    00768800768800000000002000000000000000000000000000000000000000000000000000000000 
61                            20250809651    00768900768900000000020000000000000000000000000000000000000000000000000000000000 
61                            20250809651    00769000769000000000054000000000000000000000000000000000000000000000000000000000 
61                            20250809651    00769100769100000000006000000000000000000000000000000000000000000000000000000000 
61                            20250809651    00769200769200000000015000000000000000000000000000000000000000000000000000000000 
61                            20250809651    00769300769300000000006000000000000000000000000000000000000000000000000000000000 
61                            20250809651    00769400769400000000015000000000000000000000000000000000000000000000000000000000 
61                            20250809651    00769500769500000000020000000000000000000000000000000000000000000000000000000000 
61                            20250811651    00769600769600000000074000000000000000000000000000000000000000000000000000000000 
61                            20250811651    00769700769700000000028000000000000000000000000000000000000000000000000000000000 
61                            20250811651    00769800769800000000008000000000000000000000000000000000000000000000000000000000 
61                            20250811651    00769900769900000000010000000000000000000000000000000000000000000000000000000000 
61                            20250811651    00770000770000000000015000000000000000000000000000000000000000000000000000000000 
61                            20250811651    00770100770100000000047000000000000000000000000000000000000000000000000000000000 
61                            20250811651    00770200770200000000010000000000000000000000000000000000000000000000000000000000 
61                            20250811651    00770300770300000000158000000000000000000000000000000000000000000000000000000000 
61                            20250811651    00770400770400000000055000000000000000000000000000000000000000000000000000000000 
61                            20250811651    00770500770500000000006000000000000000000000000000000000000000000000000000000000 
61                            20250811651    00770600770600000000015000000000000000000000000000000000000000000000000000000000 
61                            20250811651    00770700770700000000018000000000000000000000000000000000000000000000000000000000 
61                            20250811651    00770800770800000000145000000000000000000000000000000000000000000000000000000000 
61                            20250812651    00770900770900000000015000000000000000000000000000000000000000000000000000000000 
61                            20250812651    00771000771000000000130000000000000000000000000000000000000000000000000000000000 
61                            20250812651    00771100771100000000025000000000000000000000000000000000000000000000000000000000 
61                            20250812651    00771200771200000000030000000000000000000000000000000000000000000000000000000000 
61                            20250812651    00771300771300000000005000000000000000000000000000000000000000000000000000000000 
61                            20250812651    00771400771400000000025000000000000000000000000000000000000000000000000000000000 
61                            20250812651    00771500771500000000071000000000000000000000000000000000000000000000000000000000 
61                            20250812651    00771600771600000000008000000000000000000000000000000000000000000000000000000000 
61                            20250812651    00771700771700000000065000000000000000000000000000000000000000000000000000000000 
61                            20250812651    00771800771800000000063000000000000000000000000000000000000000000000000000000000 
61                            20250812651    00771900771900000000070000000000000000000000000000000000000000000000000000000000 
61                            20250812651    00772000772000000000035000000000000000000000000000000000000000000000000000000000 
61                            20250812651    00772100772100000000029000000000000000000000000000000000000000000000000000000000 
61                            20250812651    00772200772200000000028000000000000000000000000000000000000000000000000000000000 
61                            20250812651    00772300772300000000003500000000000000000000000000000000000000000000000000000000 
61                            20250812651    00772400772400000000003500000000000000000000000000000000000000000000000000000000 
61                            20250813651    00772500772500000000018000000000000000000000000000000000000000000000000000000000 
61                            20250813651    00772600772600000000020000000000000000000000000000000000000000000000000000000000 
61                            20250813651    00772700772700000000005000000000000000000000000000000000000000000000000000000000 
61                            20250813651    00772800772800000000020000000000000000000000000000000000000000000000000006000000 
61                            20250813651    00772900772900000000003000000000000000000000000000000000000000000000000000000000 
61                            20250813651    00773000773000000000047000000000000000000000000000000000000000000000000000000000 
61                            20250813651    00773100773100000000005000000000000000000000000000000000000000000000000000000000 
61                            20250813651    00773200773200000000192000000000000000000000000000000000000000000000000000000000 
61                            20250813651    00773300773300000000160000000000000000000000000000000000000000000000000000000000 
61                            20250813651    00773400773400000000015000000000000000000000000000000000000000000000000000000000 
61                            20250813651    00773500773500000000082000000000000000000000000000000000000000000000000000000000 
61                            20250813651    00773600773600000000065000000000000000000000000000000000000000000000000000000000 
61                            20250813651    00773700773700000000015000000000000000000000000000000000000000000000000000000000 
61                            20250814651    00773800773800000000018000000000000000000000000000000000000000000000000000000000 
61                            20250814651    00773900773900000000149000000000000000000000000000000000000000000000000000000000 
61                            20250814651    00774000774000000000009000000000000000000000000000000000000000000000000000000000 
61                            20250814651    00774100774100000000005000000000000000000000000000000000000000000000000000000000 
61                            20250814651    00774200774200000000030000000000000000000000000000000000000000000000000000000000 
61                            20250814651    00774300774300000000005000000000000000000000000000000000000000000000000000000000 
61                            20250814651    00774400774400000000005000000000000000000000000000000000000000000000000000000000 
61                            20250814651    00774500774500000000012000000000000000000000000000000000000000000000000000000000 
61                            20250814651    00774600774600000000124000000000000000000000000000000000000000000000000000000000 
61                            20250814651    00774700774700000000002000000000000000000000000000000000000000000000000000000000 
61                            20250814651    00774800774800000000219000000000000000000000000000000000000000000000000000000000 
61                            20250814651    00774900774900000000020000000000000000000000000000000000000000000000000000000000 
61                            20250814651    00775000775000000000037000000000000000000000000000000000000000000000000000000000 
61                            20250814651    00775100775100000000017000000000000000000000000000000000000000000000000000000000 
61                            20250814651    00775200775200000000028000000000000000000000000000000000000000000000000000000000 
61                            20250814651    00775300775300000000084000000000000000000000000000000000000000000000000000000000 
61                            20250814651    00775400775400000000015000000000000000000000000000000000000000000000000000000000 
61                            20250814651    00775500775500000000342000000000000000000000000000000000000000000000000000000000 
61                            20250815651    00775600775600000000005000000000000000000000000000000000000000000000000000000000 
61                            20250815651    00775700775700000000005000000000000000000000000000000000000000000000000000000000 
61                            20250815651    00775800775800000000015000000000000000000000000000000000000000000000000000000000 
61                            20250815651    00775900775900000000010000000000000000000000000000000000000000000000000000000000 
61                            20250815651    00776000776000000000010000000000000000000000000000000000000000000000000000000000 
61                            20250815651    00776100776100000000005000000000000000000000000000000000000000000000000000800000 
61                            20250815651    00776200776200000000028000000000000000000000000000000000000000000000000000000000 
61                            20250815651    00776300776300000000015000000000000000000000000000000000000000000000000000000000 
61                            20250815651    00776400776400000000005000000000000000000000000000000000000000000000000000000000 
61                            20250815651    00776500776500000000019000000000000000000000000000000000000000000000000000000000 
61                            20250815651    00776600776600000000045000000000000000000000000000000000000000000000000000000000 
61                            20250815651    00776700776700000000045000000000000000000000000000000000000000000000000000000000 
61                            20250815651    00776800776800000000012000000000000000000000000000000000000000000000000000000000 
61                            20250815651    00776900776900000000035000000000000000000000000000000000000000000000000000000000 
61                            20250815651    00777000777000000000003000000000000000000000000000000000000000000000000000000000 
61                            20250815651    00777100777100000000012000000000000000000000000000000000000000000000000000000000 
61                            20250815651    00777200777200000000010000000000000000000000000000000000000000000000000000000000 
61                            20250815651    00777300777300000000023500000000000000000000000000000000000000000000000000000000 
61                            20250815651    00777400777400000000030000000000000000000000000000000000000000000000000000000000 
61                            20250816651    00777500777500000000003000000000000000000000000000000000000000000000000000000000 
61                            20250816651    00777600777600000000010000000000000000000000000000000000000000000000000000000000 
61                            20250817651    00778900778900000000066000000000000000000000000000000000000000000000000000000000 
61                            20250816651    00777700777700000000090000000000000000000000000000000000000000000000000000000000 
61                            20250816651    00777800777800000000241000000000000000000000000000000000000000000000000000000000 
61                            20250816651    00777900777900000000174000000000000000000000000000000000000000000000000000000000 
61                            20250816651    00778000778000000000004000000000000000000000000000000000000000000000000000000000 
61                            20250816651    00778100778100000000002000000000000000000000000000000000000000000000000000000000 
61                            20250816651    00778200778200000000023000000000000000000000000000000000000000000000000000000000 
61                            20250816651    00778300778300000000018000000000000000000000000000000000000000000000000000000000 
61                            20250816651    00778400778400000000020000000000000000000000000000000000000000000000000000000000 
61                            20250816651    00778500778500000000013000000000000000000000000000000000000000000000000000000000 
61                            20250816651    00778600778600000000044000000000000000000000000000000000000000000000000000000000 
61                            20250816651    00778700778700000000035000000000000000000000000000000000000000000000000000000000 
61                            20250816651    00778800778800000000010000000000000000000000000000000000000000000000000000000000 
61                            20250818651    00779000779000000000004000000000000000000000000000000000000000000000000000000000 
61                            20250818651    00779100779100000000010500000000000000000000000000000000000000000000000000000000 
61                            20250818651    00779200779200000000022000000000000000000000000000000000000000000000000000000000 
61                            20250818651    00779300779300000000002000000000000000000000000000000000000000000000000000000000 
61                            20250818651    00779400779400000000074000000000000000000000000000000000000000000000000000000000 
61                            20250818651    00779500779500000000015000000000000000000000000000000000000000000000000000000000 
61                            20250818651    00779600779600000000044000000000000000000000000000000000000000000000000000000000 
61                            20250818651    00779700779700000000015000000000000000000000000000000000000000000000000000000000 
61                            20250818651    00779800779800000000020000000000000000000000000000000000000000000000000000000000 
61                            20250818651    00779900779900000000005000000000000000000000000000000000000000000000000000000000 
61                            20250818651    00780000780000000000089000000000000000000000000000000000000000000000000000000000 
61                            20250818651    00780100780100000000088000000000000000000000000000000000000000000000000000000000 
61                            20250818651    00780200780200000000010000000000000000000000000000000000000000000000000000000000 
61                            20250818651    00780300780300000000008000000000000000000000000000000000000000000000000000000000 
61                            20250818651    00780400780400000000047000000000000000000000000000000000000000000000000000000000 
61                            20250818651    00780500780500000000064000000000000000000000000000000000000000000000000000000000 
61                            20250819651    00780600780600000000023500000000000000000000000000000000000000000000000000000000 
61                            20250819651    00780700780700000000013000000000000000000000000000000000000000000000000000000000 
61                            20250819651    00780800780800000000015000000000000000000000000000000000000000000000000000000000 
61                            20250819651    00780900780900000000005000000000000000000000000000000000000000000000000000000000 
61                            20250819651    00781000781000000000002000000000000000000000000000000000000000000000000000000000 
61                            20250819651    00781100781100000000129000000000000000000000000000000000000000000000000000000000 
61                            20250819651    00781200781200000000027000000000000000000000000000000000000000000000000000000000 
61                            20250819651    00781300781300000000015000000000000000000000000000000000000000000000000000000000 
61                            20250819651    00781400781400000000010000000000000000000000000000000000000000000000000000000000 
61                            20250819651    00781500781500000000064000000000000000000000000000000000000000000000000000000000 
61                            20250819651    00781600781600000000038000000000000000000000000000000000000000000000000000000000 
61                            20250819651    00781700781700000000024000000000000000000000000000000000000000000000000000000000 
61                            20250819651    00781800781800000000032000000000000000000000000000000000000000000000000000000000 
61                            20250819651    00781900781900000000081000000000000000000000000000000000000000000000000000000000 
61                            20250819651    00782000782000000000058000000000000000000000000000000000000000000000000000000000 
61                            20250819651    00782100782100000000097000000000000000000000000000000000000000000000000000000000 
61                            20250819651    00782200782200000000015000000000000000000000000000000000000000000000000000000000 
61                            20250820651    00782300782300000000061000000000000000000000000000000000000000000000000000000000 
61                            20250820651    00782400782400000000024000000000000000000000000000000000000000000000000000000000 
61                            20250820651    00782500782500000000039000000000000000000000000000000000000000000000000000000000 
61                            20250820651    00782600782600000000010000000000000000000000000000000000000000000000000000000000 
61                            20250820651    00782700782700000000010000000000000000000000000000000000000000000000000000000000 
61                            20250820651    00782800782800000000028000000000000000000000000000000000000000000000000000000000 
61                            20250820651    00782900782900000000008000000000000000000000000000000000000000000000000000000000 
61                            20250820651    00783000783000000000008000000000000000000000000000000000000000000000000000000000 
61                            20250821651    00783100783100000000251000000000000000000000000000000000000000000000000000000000 
61                            20250821651    00783200783200000000038000000000000000000000000000000000000000000000000000000000 
61                            20250821651    00783300783300000000112000000000000000000000000000000000000000000000000000000000 
61                            20250821651    00783400783400000000018000000000000000000000000000000000000000000000000000000000 
61                            20250821651    00783500783500000000073000000000000000000000000000000000000000000000000000000000 
61                            20250821651    00783600783600000000032000000000000000000000000000000000000000000000000000000000 
61                            20250821651    00783700783700000000062000000000000000000000000000000000000000000000000000000000 
61                            20250821651    00783800783800000000022000000000000000000000000000000000000000000000000000000000 
61                            20250821651    00783900783900000000010000000000000000000000000000000000000000000000000000000000 
61                            20250821651    00784000784000000000005000000000000000000000000000000000000000000000000000000000 
61                            20250821651    00784100784100000000005000000000000000000000000000000000000000000000000000000000 
61                            20250821651    00784200784200000000048000000000000000000000000000000000000000000000000000000000 
61                            20250821651    00784300784300000000032000000000000000000000000000000000000000000000000000000000 
61                            20250821651    00784400784400000000002000000000000000000000000000000000000000000000000000000000 
61                            20250821651    00784500784500000000045000000000000000000000000000000000000000000000000000000000 
61                            20250821651    00784600784600000000031000000000000000000000000000000000000000000000000000000000 
61                            20250821651    00784700784700000000107000000000000000000000000000000000000000000000000000000000 
61                            20250821651    00784800784800000000005000000000000000000000000000000000000000000000000000000000 
61                            20250821651    00784900784900000000018000000000000000000000000000000000000000000000000000000000 
61                            20250821651    00785000785000000000005000000000000000000000000000000000000000000000000000000000 
61                            20250821651    00785100785100000000046000000000000000000000000000000000000000000000000000000000 
61                            20250821651    00785200785200000000120000000000000000000000000000000000000000000000000000000000 
61                            20250822651    00785300785300000000020000000000000000000000000000000000000000000000000000000000 
61                            20250822651    00785400785400000000046000000000000000000000000000000000000000000000000000000000 
61                            20250822651    00785500785500000000015000000000000000000000000000000000000000000000000000000000 
61                            20250822651    00785600785600000000015000000000000000000000000000000000000000000000000000000000 
61                            20250822651    00785700785700000000022000000000000000000000000000000000000000000000000000000000 
61                            20250822651    00785800785800000000044000000000000000000000000000000000000000000000000000000000 
61                            20250822651    00785900785900000000004000000000000000000000000000000000000000000000000000000000 
61                            20250822651    00786000786000000000025000000000000000000000000000000000000000000000000000000000 
61                            20250822651    00786100786100000000000700000000000000000000000000000000000000000000000000000000 
61                            20250822651    00786200786200000000015000000000000000000000000000000000000000000000000000000000 
61                            20250822651    00786300786300000000009000000000000000000000000000000000000000000000000000000000 
61                            20250822651    00786400786400000000015000000000000000000000000000000000000000000000000000000000 
61                            20250822651    00786500786500000000002000000000000000000000000000000000000000000000000000000000 
61                            20250822651    00786600786600000000036000000000000000000000000000000000000000000000000000000000 
61                            20250822651    00786700786700000000095000000000000000000000000000000000000000000000000000000000 
61                            20250822651    00786800786800000000012000000000000000000000000000000000000000000000000000000000 
61                            20250822651    00786900786900000000015000000000000000000000000000000000000000000000000000000000 
61                            20250822651    00787000787000000000055000000000000000000000000000000000000000000000000000000000 
61                            20250822651    00787100787100000000012000000000000000000000000000000000000000000000000000000000 
61                            20250822651    00787200787200000000004000000000000000000000000000000000000000000000000000000000 
61                            20250822651    00787300787300000000004000000000000000000000000000000000000000000000000000000000 
61                            20250822651    00787400787400000000003000000000000000000000000000000000000000000000000000000000 
61                            20250822651    00787500787500000000005000000000000000000000000000000000000000000000000000000000 
61                            20250822651    00787600787600000000008000000000000000000000000000000000000000000000000000000000 
61                            20250822651    00787700787700000000005000000000000000000000000000000000000000000000000000000000 
61                            20250822651    00787800787800000000043000000000000000000000000000000000000000000000000000000000 
61                            20250823651    00787900787900000000065000000000000000000000000000000000000000000000000000000000 
61                            20250823651    00788000788000000000015000000000000000000000000000000000000000000000000000000000 
61                            20250823651    00788100788100000000013000000000000000000000000000000000000000000000000000000000 
61                            20250823651    00788200788200000000012000000000000000000000000000000000000000000000000000000000 
61                            20250823651    00788300788300000000050000000000000000000000000000000000000000000000000000000000 
61                            20250823651    00788400788400000000044000000000000000000000000000000000000000000000000000000000 
61                            20250823651    00788500788500000000008000000000000000000000000000000000000000000000000000000000 
61                            20250823651    00788600788600000000014000000000000000000000000000000000000000000000000000000000 
61                            20250823651    00788700788700000000015000000000000000000000000000000000000000000000000000000000 
61                            20250823651    00788800788800000000050000000000000000000000000000000000000000000000000000000000 
61                            20250823651    00788900788900000000046000000000000000000000000000000000000000000000000000000000 
61                            20250825651    00789000789000000000002100000000000000000000000000000000000000000000000000000000 
61                            20250825651    00789100789100000000064000000000000000000000000000000000000000000000000000000000 
61                            20250825651    00789200789200000000040000000000000000000000000000000000000000000000000000000000 
61                            20250825651    00789300789300000000012000000000000000000000000000000000000000000000000000000000 
61                            20250825651    00789400789400000000002000000000000000000000000000000000000000000000000000000000 
61                            20250825651    00789500789500000000013000000000000000000000000000000000000000000000000000000000 
61                            20250825651    00789600789600000000022000000000000000000000000000000000000000000000000000000000 
61                            20250825651    00789700789700000000018000000000000000000000000000000000000000000000000000000000 
61                            20250825651    00789800789800000000016000000000000000000000000000000000000000000000000000000000 
61                            20250825651    00789900789900000000188000000000000000000000000000000000000000000000000000000000 
61                            20250825651    00790000790000000000016000000000000000000000000000000000000000000000000000000000 
61                            20250825651    00790100790100000000015000000000000000000000000000000000000000000000000000000000 
61                            20250825651    00790200790200000000042000000000000000000000000000000000000000000000000000000000 
61                            20250825651    00790300790300000000014000000000000000000000000000000000000000000000000000000000 
61                            20250825651    00790400790400000000048000000000000000000000000000000000000000000000000000000000 
61                            20250825651    00790500790500000000002000000000000000000000000000000000000000000000000000000000 
61                            20250825651    00790600790600000000005000000000000000000000000000000000000000000000000000000000 
61                            20250825651    00790700790700000000032000000000000000000000000000000000000000000000000000000000 
61                            20250825651    00790800790800000000020000000000000000000000000000000000000000000000000000000000 
61                            20250825651    00790900790900000000017000000000000000000000000000000000000000000000000000000000 
61                            20250825651    00791000791000000000010000000000000000000000000000000000000000000000000000000000 
61                            20250825651    00791100791100000000096000000000000000000000000000000000000000000000000000000000 
61                            20250825651    00791200791200000000020000000000000000000000000000000000000000000000000000000000 
61                            20250825651    00791300791300000000117000000000000000000000000000000000000000000000000000000000 
61                            20250825651    00791400791400000000015000000000000000000000000000000000000000000000000000000000 
61                            20250825651    00791500791500000000015000000000000000000000000000000000000000000000000000000000 
61                            20250825651    00791600791600000000012000000000000000000000000000000000000000000000000000000000 
61                            20250825651    00791700791700000000010000000000000000000000000000000000000000000000000000000000 
61                            20250827651    00791800791800000000036000000000000000000000000000000000000000000000000000000000 
61                            20250827651    00791900791900000000012000000000000000000000000000000000000000000000000000000000 
61                            20250827651    00792000792000000000024000000000000000000000000000000000000000000000000000000000 
61                            20250827651    00792100792100000000018000000000000000000000000000000000000000000000000000000000 
61                            20250827651    00792200792200000000004000000000000000000000000000000000000000000000000000000000 
61                            20250827651    00792300792300000000030000000000000000000000000000000000000000000000000000000000 
61                            20250827651    00792400792400000000002000000000000000000000000000000000000000000000000000000000 
61                            20250827651    00792500792500000000006000000000000000000000000000000000000000000000000000000000 
61                            20250827651    00792600792600000000015000000000000000000000000000000000000000000000000000000000 
61                            20250827651    00792700792700000000117000000000000000000000000000000000000000000000000000000000 
61                            20250827651    00792800792800000000015000000000000000000000000000000000000000000000000000000000 
61                            20250827651    00792900792900000000008000000000000000000000000000000000000000000000000000000000 
61                            20250827651    00793000793000000000012000000000000000000000000000000000000000000000000000000000 
61                            20250827651    00793100793100000000005000000000000000000000000000000000000000000000000000000000 
61                            20250827651    00793200793200000000020000000000000000000000000000000000000000000000000000000000 
61                            20250827651    00793300793300000000005000000000000000000000000000000000000000000000000000000000 
61                            20250827651    00793400793400000000035000000000000000000000000000000000000000000000000000000000 
61                            20250827651    00793500793500000000003000000000000000000000000000000000000000000000000000000000 
61                            20250827651    00793600793600000000015000000000000000000000000000000000000000000000000000000000 
61                            20250827651    00793700793700000000012000000000000000000000000000000000000000000000000000000000 
61                            20250827651    00793800793800000000031000000000000000000000000000000000000000000000000000000000 
61                            20250827651    00793900793900000000006000000000000000000000000000000000000000000000000000000000 
61                            20250827651    00794000794000000000010000000000000000000000000000000000000000000000000000000000 
61                            20250827651    00794100794100000000020000000000000000000000000000000000000000000000000000000000 
61                            20250827651    00794200794200000000123000000000000000000000000000000000000000000000000000000000 
61                            20250827651    00794300794300000000002000000000000000000000000000000000000000000000000000000000 
61                            20250827651    00794400794400000000025000000000000000000000000000000000000000000000000000000000 
61                            20250827651    00794500794500000000012000000000000000000000000000000000000000000000000000000000 
61                            20250827651    00794600794600000000007000000000000000000000000000000000000000000000000000000000 
61                            20250827651    00794700794700000000014000000000000000000000000000000000000000000000000000000000 
61                            20250827651    00794800794800000000120000000000000000000000000000000000000000000000000000000000 
61                            20250827651    00794900794900000000020000000000000000000000000000000000000000000000000000000000 
61                            20250827651    00795000795000000000012000000000000000000000000000000000000000000000000000000000 
61                            20250827651    00795100795100000000038000000000000000000000000000000000000000000000000000000000 
61                            20250827651    00795200795200000000002000000000000000000000000000000000000000000000000000000000 
61                            20250827651    00795300795300000000005000000000000000000000000000000000000000000000000000000000 
61                            20250827651    00795400795400000000004500000000000000000000000000000000000000000000000000000000 
61                            20250827651    00795500795500000000015000000000000000000000000000000000000000000000000000000000 
61                            20250827651    00795600795600000000010000000000000000000000000000000000000000000000000000000000 
61                            20250827651    00795700795700000000121000000000000000000000000000000000000000000000000000000000 
61                            20250827651    00795800795800000000004000000000000000000000000000000000000000000000000000000000 
61                            20250828651    00795900795900000000005000000000000000000000000000000000000000000000000000000000 
61                            20250828651    00796000796000000000015000000000000000000000000000000000000000000000000000000000 
61                            20250828651    00796100796100000000043000000000000000000000000000000000000000000000000000000000 
61                            20250828651    00796200796200000000015000000000000000000000000000000000000000000000000000000000 
61                            20250828651    00796300796300000000015000000000000000000000000000000000000000000000000000000000 
61                            20250828651    00796400796400000000048000000000000000000000000000000000000000000000000000000000 
61                            20250828651    00796500796500000000054000000000000000000000000000000000000000000000000000000000 
61                            20250828651    00796600796600000000020000000000000000000000000000000000000000000000000000000000 
61                            20250828651    00796700796700000000025000000000000000000000000000000000000000000000000000000000 
61                            20250828651    00796800796800000000055000000000000000000000000000000000000000000000000000000000 
61                            20250828651    00796900796900000000038000000000000000000000000000000000000000000000000000000000 
61                            20250828651    00797000797000000000020000000000000000000000000000000000000000000000000000000000 
61                            20250828651    00797100797100000000015000000000000000000000000000000000000000000000000000000000 
61                            20250828651    00797200797200000000029000000000000000000000000000000000000000000000000000000000 
61                            20250829651    00797300797300000000045000000000000000000000000000000000000000000000000000000000 
61                            20250829651    00797400797400000000020000000000000000000000000000000000000000000000000000000000 
61                            20250829651    00797500797500000000012000000000000000000000000000000000000000000000000000000000 
61                            20250829651    00797600797600000000025000000000000000000000000000000000000000000000000000000000 
61                            20250829651    00797700797700000000060000000000000000000000000000000000000000000000000000000000 
61                            20250829651    00797800797800000000015000000000000000000000000000000000000000000000000000000000 
61                            20250829651    00797900797900000000059000000000000000000000000000000000000000000000000000000000 
61                            20250829651    00798000798000000000017000000000000000000000000000000000000000000000000000000000 
61                            20250829651    00798100798100000000028000000000000000000000000000000000000000000000000000000000 
61                            20250829651    00798200798200000000046000000000000000000000000000000000000000000000000000000000 
61                            20250829651    00798300798300000000015000000000000000000000000000000000000000000000000000000000 
61                            20250829651    00798400798400000000023500000000000000000000000000000000000000000000000000000000 
61                            20250829651    00798500798500000000005000000000000000000000000000000000000000000000000000000000 
61                            20250829651    00798600798600000000013000000000000000000000000000000000000000000000000000000000 
61                            20250829651    00798700798700000000036000000000000000000000000000000000000000000000000000000000 
61                            20250829651    00798800798800000000003000000000000000000000000000000000000000000000000000000000 
61                            20250829651    00798900798900000000032000000000000000000000000000000000000000000000000000000000 
61                            20250829651    00799000799000000000034000000000000000000000000000000000000000000000000000000000 
61                            20250829651    00799100799100000000030000000000000000000000000000000000000000000000000000000000 
61                            20250829651    00799200799200000000001000000000000000000000000000000000000000000000000000000000 
61                            20250829651    00799300799300000000004000000000000000000000000000000000000000000000000000000000 
61                            20250829651    00799400799400000000010000000000000000000000000000000000000000000000000000000000 
61                            20250829651    00799500799500000000010000000000000000000000000000000000000000000000000000000000 
61                            20250829651    00799600799600000000010000000000000000000000000000000000000000000000000000000000 
61                            20250829651    00799700799700000000010000000000000000000000000000000000000000000000000000000000 
61                            20250829651    00799800799800000000035000000000000000000000000000000000000000000000000000000000 
61                            20250829651    00799900799900000000481000000000000000000000000000000000000000000000000000000000 
61                            20250830651    00800000800000000000012000000000000000000000000000000000000000000000000000000000 
61                            20250830651    00800100800100000000010000000000000000000000000000000000000000000000000000000000 
61                            20250830651    00800200800200000000018000000000000000000000000000000000000000000000000000000000 
61                            20250830651    00800300800300000000030000000000000000000000000000000000000000000000000000000000 
61                            20250830651    00800400800400000000054000000000000000000000000000000000000000000000000000000000 
61                            20250830651    00800500800500000000198000000000000000000000000000000000000000000000000000000000 
61                            20250830651    00800600800600000000013000000000000000000000000000000000000000000000000000000000 
61                            20250830651    00800700800700000000019000000000000000000000000000000000000000000000000000000000 
61                            20250830651    00800800800800000000028000000000000000000000000000000000000000000000000000000000 
61                            20250830651    00800900800900000000029000000000000000000000000000000000000000000000000000000000 
61                            20250830651    00801000801000000000010000000000000000000000000000000000000000000000000000000000 
61                            20250830651    00801100801100000000015000000000000000000000000000000000000000000000000000000000 
61                            20250830651    00801200801200000000002000000000000000000000000000000000000000000000000000000000 
61                            20250830651    00801300801300000000066000000000000000000000000000000000000000000000000000000000 
61                            20250830651    00801400801400000000026000000000000000000000000000000000000000000000000000000000 
61                            20250830651    00801500801500000000245000000000000000000000000000000000000000000000000000000000 
61                            20250830651    00801600801600000000231000000000000000000000000000000000000000000000000000000000 
61                            20250830651    00801700801700000000028000000000000000000000000000000000000000000000000000000000 
61                            20250830651    00801800801800000000020000000000000000000000000000000000000000000000000000000000 
61R0820253098          0000000020000000000000000070000000000000000000000                                                      
61R0820253135          0000000010000000000000000100000000000000000000000                                                      
61R082025176763        0000000010000000000000000500000000000000000000000                                                      
61R0820252730          0000000010000000000000000230000000000000000000000                                                      
61R0820253502          0000000020000000000000000100000000000000000000000                                                      
61R0820252735          0000000010000000000000000150000000000000000000000                                                      
61R0820252735          0000000010000000000000000150000000000000000000000                                                      
61R082025176986        0000000010000000000000000100000000000000000000000                                                      
61R082025165           0000000010000000000000000100000000000000000000000                                                      
61R0820253135          0000000010000000000000000100000000000000000000000                                                      
61R0820253541          0000000150000000000000000075000000000000000000000                                                      
61R082025288           0000000010000000000000000070000000000000000000000                                                      
61R0820255271          0000000010000000000000000350000000000000000000000                                                      
61R082025170184        0000000010000000000000000050000000000000000000000                                                      
61R0820254980          0000000010000000000000000240000000000000000000000                                                      
61R0820259             0000000010000000000000000120000000000000000000000                                                      
61R082025176782        0000000010000000000000000180000000000000000000000                                                      
61R0820253135          0000000010000000000000000100000000000000000000000                                                      
61R082025175798        0000000010000000000000000200000000000000000000000                                                      
61R0820252775          0000000010000000000000000180000000000000000000000                                                      
61R0820253006          0000000010000000000000000480000000000000000000000                                                      
61R0820253069          0000000010000000000000000180000000000000000000000                                                      
61R0820253999          0000000010000000000000000140000000000000000000000                                                      
61R0820252735          0000000010000000000000000150000000000000000000000                                                      
61R0820253504          0000000010000000000000000030000000000000000000000                                                      
61R0820251304          0000000010000000000000000180000000000000000000000                                                      
61R082025176763        0000000010000000000000000500000000000000000000000                                                      
61R0820255273          0000000010000000000000000470000000000000000000000                                                      
61R0820252808          0000000010000000000000000200000000000000000000000                                                      
61R0820254110          0000000010000000000000000100000000000000000000000                                                      
61R082025222485        0000000010000000000000000070000000000000000000000                                                      
61R0820253191          0000000010000000000000000050000000000000000000000                                                      
61R082025176417        0000000010000000000000000140000000000000000000000                                                      
61R082025177101        0000000010000000000000000150000000000000000000000                                                      
61R0820252347          0000000010000000000000000130000000000000000000000                                                      
61R0820253191          0000000010000000000000000050000000000000000000000                                                      
61R0820252347          0000000010000000000000000130000000000000000000000                                                      
61R0820253522          0000000030000000000000000021000000000000000000000                                                      
61R0820253005          0000000010000000000000000480000000000000000000000                                                      
61R082025173336        0000000010000000000000000100000000000000000000000                                                      
61R0820253074          0000000010000000000000000620000000000000000000000                                                      
61R0820253522          0000000030000000000000000021000000000000000000000                                                      
61R0820253502          0000000010000000000000000050000000000000000000000                                                      
61R0820252444          0000000010000000000000000235000000000000000000000                                                      
61R0820252444          0000000010000000000000000235000000000000000000000                                                      
61R0820252444          0000000010000000000000000235000000000000000000000                                                      
61R0820252444          0000000010000000000000000235000000000000000000000                                                      
61R0820253601          0000000010000000000000000650000000000000000000000                                                      
61R0820253042          0000000010000000000000000290000000000000000000000                                                      
61R082025170190        0000000010000000000000000040000000000000000000000                                                      
61R0820253502          0000000010000000000000000050000000000000000000000                                                      
61R082025176986        0000000010000000000000000100000000000000000000000                                                      
61R0820254110          0000000010000000000000000100000000000000000000000                                                      
61R0820253174          0000000040000000000000000240000000000000000000000                                                      
61R0820253034          0000000010000000000000000240000000000000000000000                                                      
61R0820252963          0000000010000000000000000180000000000000000000000                                                      
61R0820252808          0000000010000000000000000200000000000000000000000                                                      
61R082025241407        0000000010000000000000000200000000000000000000000                                                      
61R08202577            0000000010000000000000000230000000000000000000000                                                      
61R0820253772          0000000010000000000000000060000000000000000000000                                                      
61R082025175798        0000000010000000000000000200000000000000000000000                                                      
61R0820253502          0000000010000000000000000050000000000000000000000                                                      
61R082025175796        0000000010000000000000000150000000000000000000000                                                      
61R0820252347          0000000010000000000000000130000000000000000000000                                                      
61R082025173336        0000000010000000000000000100000000000000000000000                                                      
61R0820252739          0000000010000000000000000150000000000000000000000                                                      
61R0820255222          0000000010000000000000000080000000000000000000000                                                      
61R0820252347          0000000010000000000000000130000000000000000000000                                                      
61R082025171813        0000000010000000000000000120000000000000000000000                                                      
61R0820253136          0000000010000000000000000100000000000000000000000                                                      
61R0820253135          0000000010000000000000000100000000000000000000000                                                      
61R0820252558          0000000010000000000000000220000000000000000000000                                                      
61R0820253621          0000000010000000000000000100000000000000000000000                                                      
61R082025171869        0000000010000000000000000100000000000000000000000                                                      
61R0820253004          0000000010000000000000000180000000000000000000000                                                      
61R0820252347          0000000010000000000000000130000000000000000000000                                                      
61R082025297           0000000010000000000000000150000000000000000000000                                                      
61R0820254110          0000000010000000000000000100000000000000000000000                                                      
61R0820253040          0000000010000000000000000180000000000000000000000                                                      
61R0820255006          0000000010000000000000000150000000000000000000000                                                      
61R0820253502          0000000010000000000000000050000000000000000000000                                                      
61R0820253802          0000000020000000000000000080000000000000000000000                                                      
61R0820253003          0000000010000000000000000160000000000000000000000                                                      
61R082025510           0000000020000000000000001240000000000000000000000                                                      
61R0820255006          0000000010000000000000000150000000000000000000000                                                      
61R0820253502          0000000010000000000000000050000000000000000000000                                                      
61R082025175798        0000000010000000000000000200000000000000000000000                                                      
61R0820252735          0000000010000000000000000150000000000000000000000                                                      
61R0820254048          0000000010000000000000000040000000000000000000000                                                      
61R0820252735          0000000010000000000000000150000000000000000000000                                                      
61R0820253504          0000000020000000000000000060000000000000000000000                                                      
61R0820253753          0000000010000000000000000100000000000000000000000                                                      
61R0820252773          0000000010000000000000000050000000000000000000000                                                      
61R0820253532          0000000010000000000000000080000000000000000000000                                                      
61R08202543418         0000000010000000000000000060000000000000000000000                                                      
61R0820255280          0000000010000000000000000070000000000000000000000                                                      
61R0820255281          0000000010000000000000000080000000000000000000000                                                      
61R0820255178          0000000010000000000000000280000000000000000000000                                                      
61R0820253502          0000000010000000000000000050000000000000000000000                                                      
61R0820253988          0000000010000000000000000020000000000000000000000                                                      
61R0820253191          0000000010000000000000000050000000000000000000000                                                      
61R082025171820        0000000010000000000000000120000000000000000000000                                                      
61R0820255222          0000000010000000000000000080000000000000000000000                                                      
61R0820253502          0000000010000000000000000050000000000000000000000                                                      
61R082025173336        0000000020000000000000000200000000000000000000000                                                      
61R0820253040          0000000010000000000000000180000000000000000000000                                                      
61R0820253069          0000000010000000000000000180000000000000000000000                                                      
61R082025171813        0000000010000000000000000120000000000000000000000                                                      
61R0820253136          0000000010000000000000000100000000000000000000000                                                      
61R0820252735          0000000010000000000000000150000000000000000000000                                                      
61R0820252347          0000000010000000000000000130000000000000000000000                                                      
61R0820252750          0000000010000000000000000150000000000000000000000                                                      
61R0820253191          0000000010000000000000000050000000000000000000000                                                      
61R0820251304          0000000010000000000000000180000000000000000000000                                                      
61R0820252347          0000000010000000000000000130000000000000000000000                                                      
61R0820253137          0000000010000000000000000100000000000000000000000                                                      
61R0820253113          0000000010000000000000000150000000000000000000000                                                      
61R0820252754          0000000010000000000000000200000000000000000000000                                                      
61R0820253135          0000000010000000000000000100000000000000000000000                                                      
61R0820254198          0000000010000000000000000250000000000000000000000                                                      
61R0820252861          0000000010000000000000000380000000000000000000000                                                      
61R082025129769        0000000010000000000000000480000000000000000000000                                                      
61R0820252775          0000000010000000000000000180000000000000000000000                                                      
61R0820253316          0000000010000000000000000150000000000000000000000                                                      
61R0820253136          0000000010000000000000000100000000000000000000000                                                      
61R0820253034          0000000010000000000000000240000000000000000000000                                                      
61R0820252990          0000000010000000000000000030000000000000000000000                                                      
61R0820253186          0000000010000000000000000650000000000000000000000                                                      
61R0820251517          0000000010000000000000000620000000000000000000000                                                      
61R0820253503          0000000080000000000000000056000000000000000000000                                                      
61R0820252736          0000000010000000000000000150000000000000000000000                                                      
61R0820252833          0000000010000000000000000200000000000000000000000                                                      
61R0820253621          0000000010000000000000000100000000000000000000000                                                      
61R0820252730          0000000010000000000000000230000000000000000000000                                                      
61R082025175796        0000000010000000000000000150000000000000000000000                                                      
61R082025164           0000000010000000000000000080000000000000000000000                                                      
61R0820253191          0000000010000000000000000050000000000000000000000                                                      
61R0820254357          0000000010000000000000000550000000000000000000000                                                      
61R0820253135          0000000010000000000000000100000000000000000000000                                                      
61R082025177130        0000000010000000000000000230000000000000000000000                                                      
61R082025178264        0000000010000000000000000280000000000000000000000                                                      
61R082025177126        0000000010000000000000000230000000000000000000000                                                      
61R0820254172          0000000010000000000000000900000000000000000000000                                                      
61R082025175798        0000000010000000000000000200000000000000000000000                                                      
61R08202580530         0000000010000000000000000650000000000000000000000                                                      
61R0820253627          0000000010000000000000000025000000000000000000000                                                      
61R0820253136          0000000010000000000000000100000000000000000000000                                                      
61R0820252900          0000000010000000000000000450000000000000000000000                                                      
61R0820252755          0000000010000000000000000290000000000000000000000                                                      
61R0820253502          0000000010000000000000000050000000000000000000000                                                      
61R0820252895          0000000010000000000000000690000000000000000000000                                                      
61R0820252784          0000000010000000000000000300000000000000000000000                                                      
61R0820253124          0000000010000000000000000250000000000000000000000                                                      
61R0820253951          0000000010000000000000000580000000000000000000000                                                      
61R082025170194        0000000020000000000000000200000000000000000000000                                                      
61R0820255006          0000000010000000000000000150000000000000000000000                                                      
61R0820254357          0000000010000000000000000550000000000000000000000                                                      
61R0820253130          0000000010000000000000000100000000000000000000000                                                      
61R082025171820        0000000010000000000000000120000000000000000000000                                                      
61R0820253130          0000000010000000000000000100000000000000000000000                                                      
61R0820252843          0000000010000000000000000590000000000000000000000                                                      
61R082025170190        0000000010000000000000000040000000000000000000000                                                      
61R0820253191          0000000010000000000000000050000000000000000000000                                                      
61R0820253502          0000000010000000000000000050000000000000000000000                                                      
61R0820253608          0000000060000000000000000042000000000000000000000                                                      
61R0820252750          0000000010000000000000000150000000000000000000000                                                      
61R0820253484          0000000010000000000000000350000000000000000000000                                                      
61R0820253191          0000000020000000000000000100000000000000000000000                                                      
61R0820252903          0000000010000000000000000550000000000000000000000                                                      
61R082025165           0000000010000000000000000100000000000000000000000                                                      
61R0820254046          0000000010000000000000000640000000000000000000000                                                      
61R0820252774          0000000010000000000000000180000000000000000000000                                                      
61R0820252821          0000000010000000000000000500000000000000000000000                                                      
61R082025735           0000000010000000000000000150000000000000000000000                                                      
61R0820255307          0000000010000000000000000230000000000000000000000                                                      
61R082025735           0000000010000000000000000150000000000000000000000                                                      
61R0820253753          0000000010000000000000000100000000000000000000000                                                      
61R0820255120          0000000010000000000000000100000000000000000000000                                                      
61R082025170205        0000000010000000000000000300000000000000000000000                                                      
61R0820254134          0000000010000000000000000360000000000000000000000                                                      
61R0820253124          0000000010000000000000000250000000000000000000000                                                      
61R0820252808          0000000010000000000000000200000000000000000000000                                                      
61R0820251304          0000000010000000000000000180000000000000000000000                                                      
61R0820251313          0000000010000000000000000200000000000000000000000                                                      
61R0820253513          0000000010000000000000000030000000000000000000000                                                      
61R0820252754          0000000010000000000000000200000000000000000000000                                                      
61R0820252347          0000000010000000000000000130000000000000000000000                                                      
61R0820254045          0000000010000000000000000160000000000000000000000                                                      
61R0820253175          0000000010000000000000000050000000000000000000000                                                      
61R082025587           0000000010000000000000000060000000000000000000000                                                      
61R082025975           0000000010000000000000000050000000000000000000000                                                      
61R082025129769        0000000010000000000000000480000000000000000000000                                                      
61R0820253034          0000000010000000000000000240000000000000000000000                                                      
61R0820254134          0000000010000000000000000360000000000000000000000                                                      
61R0820252781          0000000010000000000000000480000000000000000000000                                                      
61R082025178267        0000000010000000000000000175000000000000000000000                                                      
61R0820253069          0000000010000000000000000180000000000000000000000                                                      
61R082025170714        0000000010000000000000000480000000000000000000000                                                      
61R082025177130        0000000020000000000000000460000000000000000000000                                                      
61R0820252763          0000000010000000000000000120000000000000000000000                                                      
61R0820252755          0000000010000000000000000290000000000000000000000                                                      
61R0820253273          0000000010000000000000000190000000000000000000000                                                      
61R0820254317          0000000010000000000000000500000000000000000000000                                                      
61R0820252730          0000000010000000000000000230000000000000000000000                                                      
61R082025176763        0000000010000000000000000500000000000000000000000                                                      
61R0820252957          0000000010000000000000000120000000000000000000000                                                      
61R0820252347          0000000010000000000000000130000000000000000000000                                                      
61R082025171820        0000000010000000000000000120000000000000000000000                                                      
61R0820253761          0000000010000000000000000150000000000000000000000                                                      
61R082025171795        0000000010000000000000000380000000000000000000000                                                      
61R0820253135          0000000010000000000000000100000000000000000000000                                                      
61R0820253137          0000000010000000000000000100000000000000000000000                                                      
61R0820253136          0000000010000000000000000100000000000000000000000                                                      
61R082025330           0000000010000000000000000620000000000000000000000                                                      
61R082025175796        0000000010000000000000000150000000000000000000000                                                      
61R0820252739          0000000010000000000000000150000000000000000000000                                                      
61R0820253497          0000000010000000000000000620000000000000000000000                                                      
61R0820252739          0000000010000000000000000150000000000000000000000                                                      
61R082025722           0000000010000000000000000050000000000000000000000                                                      
61R0820255223          0000000010000000000000000060000000000000000000000                                                      
61R082025391           0000000010000000000000000050000000000000000000000                                                      
61R0820253034          0000000010000000000000000240000000000000000000000                                                      
61R0820252990          0000000010000000000000000030000000000000000000000                                                      
61R0820253036          0000000010000000000000000249000000000000000000000                                                      
61R0820251563          0000000010000000000000000290000000000000000000000                                                      
61R0820252809          0000000010000000000000000230000000000000000000000                                                      
61R08202559222         0000000010000000000000000620000000000000000000000                                                      
61R0820252347          0000000010000000000000000130000000000000000000000                                                      
61R0820253113          0000000010000000000000000150000000000000000000000                                                      
61R0820252736          0000000010000000000000000150000000000000000000000                                                      
61R0820254195          0000000010000000000000001630000000000000000000000                                                      
61R0820252967          0000000010000000000000000280000000000000000000000                                                      
61R082025176403        0000000010000000000000000200000000000000000000000                                                      
61R0820253542          0000000010000000000000000020000000000000000000000                                                      
61R0820252754          0000000010000000000000000200000000000000000000000                                                      
61R0820255276          0000000010000000000000000540000000000000000000000                                                      
61R082025587           0000000010000000000000000060000000000000000000000                                                      
61R082025121410        0000000010000000000000000150000000000000000000000                                                      
61R0820253627          0000000020000000000000000050000000000000000000000                                                      
61R0820254358          0000000020000000000000000010000000000000000000000                                                      
61R082025735           0000000010000000000000000150000000000000000000000                                                      
61R082025175798        0000000010000000000000000200000000000000000000000                                                      
61R0820252750          0000000010000000000000000150000000000000000000000                                                      
61R0820252843          0000000010000000000000000590000000000000000000000                                                      
61R0820254037          0000000010000000000000000100000000000000000000000                                                      
61R0820253192          0000000010000000000000000080000000000000000000000                                                      
61R082025171813        0000000010000000000000000120000000000000000000000                                                      
61R082025515           0000000010000000000000000080000000000000000000000                                                      
61R0820253135          0000000010000000000000000100000000000000000000000                                                      
61R0820252739          0000000010000000000000000150000000000000000000000                                                      
61R0820253135          0000000010000000000000000100000000000000000000000                                                      
61R0820252347          0000000010000000000000000130000000000000000000000                                                      
61R082025171820        0000000010000000000000000120000000000000000000000                                                      
61R082025171881        0000000010000000000000000120000000000000000000000                                                      
61R082025226042        0000000010000000000000000100000000000000000000000                                                      
61R082025176760        0000000020000000000000000760000000000000000000000                                                      
61R0820252735          0000000020000000000000000300000000000000000000000                                                      
61R082025171820        0000000010000000000000000120000000000000000000000                                                      
61R0820253136          0000000010000000000000000100000000000000000000000                                                      
61R0820253137          0000000010000000000000000100000000000000000000000                                                      
61R0820253135          0000000020000000000000000200000000000000000000000                                                      
61R0820253071          0000000010000000000000000560000000000000000000000                                                      
61R0820253191          0000000010000000000000000050000000000000000000000                                                      
61R0820253504          0000000020000000000000000060000000000000000000000                                                      
61R082025175793        0000000010000000000000000150000000000000000000000                                                      
61R0820253069          0000000010000000000000000180000000000000000000000                                                      
61R0820253069          0000000010000000000000000180000000000000000000000                                                      
61R0820254134          0000000010000000000000000360000000000000000000000                                                      
61R0820253034          0000000010000000000000000240000000000000000000000                                                      
61R0820252818          0000000010000000000000000300000000000000000000000                                                      
61R0820253145          0000000010000000000000000200000000000000000000000                                                      
61R0820252873          0000000010000000000000000250000000000000000000000                                                      
61R0820252750          0000000010000000000000000150000000000000000000000                                                      
61R0820253070          0000000010000000000000000850000000000000000000000                                                      
61R0820252821          0000000010000000000000000500000000000000000000000                                                      
61R0820252904          0000000010000000000000000250000000000000000000000                                                      
61R0820252750          0000000020000000000000000300000000000000000000000                                                      
61R0820253200          0000000010000000000000000050000000000000000000000                                                      
61R082025175798        0000000010000000000000000200000000000000000000000                                                      
61R0820253191          0000000010000000000000000050000000000000000000000                                                      
61R0820254134          0000000010000000000000000360000000000000000000000                                                      
61R0820253316          0000000010000000000000000150000000000000000000000                                                      
61R0820253027          0000000010000000000000000200000000000000000000000                                                      
61R0820255222          0000000010000000000000000080000000000000000000000                                                      
61R082025176756        0000000010000000000000000500000000000000000000000                                                      
61R082025175796        0000000010000000000000000150000000000000000000000                                                      
61R0820253069          0000000010000000000000000180000000000000000000000                                                      
61R0820251422          0000000010000000000000000450000000000000000000000                                                      
61R0820252739          0000000010000000000000000150000000000000000000000                                                      
61R0820253034          0000000010000000000000000590000000000000000000000                                                      
61R0820252916          0000000010000000000000000350000000000000000000000                                                      
61R082025174809        0000000010000000000000000290000000000000000000000                                                      
61R0820254056          0000000010000000000000000100000000000000000000000                                                      
61R0820252963          0000000010000000000000000180000000000000000000000                                                      
61R082025111163        0000000010000000000000000035000000000000000000000                                                      
61R082025111163        0000000010000000000000000035000000000000000000000                                                      
61R082025176783        0000000010000000000000000180000000000000000000000                                                      
61R0820254110          0000000020000000000000000200000000000000000000000                                                      
61R0820253539          0000000010000000000000000050000000000000000000000                                                      
61R0820253495          0000000010000000000000000140000000000000000000000                                                      
61R0820253504          0000000010000000000000000030000000000000000000000                                                      
61R082025176762        0000000010000000000000000320000000000000000000000                                                      
61R082025175793        0000000010000000000000000150000000000000000000000                                                      
61R0820252971          0000000010000000000000000050000000000000000000000                                                      
61R0820252916          0000000010000000000000000350000000000000000000000                                                      
61R0820253034          0000000010000000000000000240000000000000000000000                                                      
61R0820253277          0000000010000000000000000120000000000000000000000                                                      
61R0820253951          0000000010000000000000000580000000000000000000000                                                      
61R082025170194        0000000010000000000000000100000000000000000000000                                                      
61R0820253088          0000000010000000000000000600000000000000000000000                                                      
61R0820253753          0000000010000000000000000100000000000000000000000                                                      
61R0820253176          0000000020000000000000000100000000000000000000000                                                      
61R08202543418         0000000020000000000000000120000000000000000000000                                                      
61R082025171795        0000000010000000000000000380000000000000000000000                                                      
61R082025535           0000000010000000000000000180000000000000000000000                                                      
61R082025235           0000000060000000000000000015000000000000000000000                                                      
61R0820254107          0000000010000000000000000050000000000000000000000                                                      
61R082025118180        0000000010000000000000000283000000000000000000000                                                      
61R0820252998          0000000010000000000000000500000000000000000000000                                                      
61R082025175796        0000000010000000000000000150000000000000000000000                                                      
61R0820253278          0000000010000000000000000020000000000000000000000                                                      
61R0820253277          0000000010000000000000000120000000000000000000000                                                      
61R0820253040          0000000010000000000000000180000000000000000000000                                                      
61R082025176763        0000000010000000000000000500000000000000000000000                                                      
61R0820255247          0000000010000000000000000400000000000000000000000                                                      
61R0820253187          0000000010000000000000000250000000000000000000000                                                      
61R0820252735          0000000010000000000000000150000000000000000000000                                                      
61R0820252963          0000000010000000000000000180000000000000000000000                                                      
61R0820254046          0000000010000000000000000640000000000000000000000                                                      
61R0820253130          0000000010000000000000000100000000000000000000000                                                      
61R0820253124          0000000010000000000000000250000000000000000000000                                                      
61R0820252940          0000000010000000000000000500000000000000000000000                                                      
61R0820253192          0000000010000000000000000080000000000000000000000                                                      
61R0820253299          0000000010000000000000000010000000000000000000000                                                      
61R0820251127          0000000010000000000000000050000000000000000000000                                                      
61R0820252830          0000000010000000000000000300000000000000000000000                                                      
61R0820253627          0000000020000000000000000050000000000000000000000                                                      
61R0820251127          0000000010000000000000000050000000000000000000000                                                      
61R08202543418         0000000020000000000000000120000000000000000000000                                                      
61R0820252367          0000000010000000000000000680000000000000000000000                                                      
61R0820255374          0000000010000000000000000580000000000000000000000                                                      
61R0820254110          0000000010000000000000000020000000000000000000000                                                      
61R0820255373          0000000010000000000000000490000000000000000000000                                                      
61R08202553587         0000000010000000000000000200000000000000000000000                                                      
61R082025129769        0000000010000000000000000480000000000000000000000                                                      
61R082025992           0000000010000000000000000820000000000000000000000                                                      
61R0820255008          0000000010000000000000000200000000000000000000000                                                      
61R0820252754          0000000010000000000000000200000000000000000000000                                                      
61R08202554129         0000000010000000000000000250000000000000000000000                                                      
61R0820254170          0000000010000000000000000120000000000000000000000                                                      
61R082025171813        0000000010000000000000000120000000000000000000000                                                      
61R082025391           0000000010000000000000000050000000000000000000000                                                      
61R0820255222          0000000010000000000000000080000000000000000000000                                                      
61R082025176403        0000000010000000000000000200000000000000000000000                                                      
61R0820255276          0000000010000000000000000540000000000000000000000                                                      
61R0820253135          0000000010000000000000000100000000000000000000000                                                      
61R0820254489          0000000010000000000000000200000000000000000000000                                                      
61R0820252735          0000000010000000000000000150000000000000000000000                                                      
61R0820253070          0000000010000000000000000850000000000000000000000                                                      
61R0820253069          0000000010000000000000000180000000000000000000000                                                      
61R082025175119        0000000010000000000000000300000000000000000000000                                                      
61R0820253034          0000000010000000000000000240000000000000000000000                                                      
61R0820254134          0000000010000000000000000360000000000000000000000                                                      
61R082025532           0000000010000000000000000120000000000000000000000                                                      
61R0820253278          0000000020000000000000000040000000000000000000000                                                      
61R0820252998          0000000010000000000000000520000000000000000000000                                                      
61R0820252743          0000000010000000000000000320000000000000000000000                                                      
61R0820253951          0000000010000000000000000490000000000000000000000                                                      
61R0820253200          0000000010000000000000000050000000000000000000000                                                      
61R0820251127          0000000010000000000000000050000000000000000000000                                                      
61R082025175793        0000000010000000000000000150000000000000000000000                                                      
61R0820254977          0000000020000000000000000100000000000000000000000                                                      
61R0820253627          0000000040000000000000000100000000000000000000000                                                      
61R0820253522          0000000060000000000000000042000000000000000000000                                                      
61R0820252730          0000000010000000000000000230000000000000000000000                                                      
61R0820253461          0000000010000000000000000050000000000000000000000                                                      
61R082025175793        0000000010000000000000000150000000000000000000000                                                      
61R0820254110          0000000010000000000000000100000000000000000000000                                                      
61R0820252816          0000000010000000000000000190000000000000000000000                                                      
61R0820253005          0000000010000000000000000480000000000000000000000                                                      
61R082025129769        0000000010000000000000000480000000000000000000000                                                      
61R082025171813        0000000010000000000000000120000000000000000000000                                                      
61R0820254198          0000000010000000000000000250000000000000000000000                                                      
61R082025171693        0000000010000000000000000100000000000000000000000                                                      
61R0820253504          0000000010000000000000000030000000000000000000000                                                      
61R0820253136          0000000010000000000000000120000000000000000000000                                                      
61R0820253060          0000000010000000000000000100000000000000000000000                                                      
61R082025111163        0000000010000000000000000035000000000000000000000                                                      
61R082025241407        0000000010000000000000000200000000000000000000000                                                      
61R0820252747          0000000010000000000000000180000000000000000000000                                                      
61R082025222485        0000000010000000000000000070000000000000000000000                                                      
61R0820253541          0000000100000000000000000050000000000000000000000                                                      
61R0820254110          0000000010000000000000000100000000000000000000000                                                      
61R082025176986        0000000010000000000000000100000000000000000000000                                                      
61R082025243719        0000000010000000000000000540000000000000000000000                                                      
61R082025171812        0000000010000000000000000120000000000000000000000                                                      
61R0820252895          0000000010000000000000000690000000000000000000000                                                      
61R0820252773          0000000010000000000000000260000000000000000000000                                                      
61R0820254195          0000000010000000000000001630000000000000000000000                                                      
61R0820252782          0000000010000000000000000270000000000000000000000                                                      
61R082025171795        0000000010000000000000000380000000000000000000000                                                      
61R082025121410        0000000010000000000000000150000000000000000000000                                                      
61R0820252737          0000000030000000000000000450000000000000000000000                                                      
61R082025510           0000000020000000000000001240000000000000000000000                                                      
61R082025391           0000000010000000000000000050000000000000000000000                                                      
61R082025170190        0000000010000000000000000040000000000000000000000                                                      
61R0820253522          0000000030000000000000000021000000000000000000000                                                      
61R0820253200          0000000010000000000000000050000000000000000000000                                                      
61R0820253030          0000000010000000000000000180000000000000000000000                                                      
61R0820253069          0000000010000000000000000180000000000000000000000                                                      
61R0820252739          0000000010000000000000000150000000000000000000000                                                      
61R0820253502          0000000010000000000000000050000000000000000000000                                                      
61R0820252347          0000000010000000000000000130000000000000000000000                                                      
61R0820253145          0000000010000000000000000200000000000000000000000                                                      
61R0820255222          0000000010000000000000000080000000000000000000000                                                      
61R0820253003          0000000010000000000000000180000000000000000000000                                                      
61R082025171881        0000000010000000000000000120000000000000000000000                                                      
61R0820252347          0000000010000000000000000130000000000000000000000                                                      
61R082025226042        0000000010000000000000000100000000000000000000000                                                      
61R082025171693        0000000010000000000000000100000000000000000000000                                                      
61R0820251127          0000000010000000000000000050000000000000000000000                                                      
61R0820253503          0000000050000000000000000035000000000000000000000                                                      
61R082025288           0000000010000000000000000070000000000000000000000                                                      
61R082025173337        0000000010000000000000000120000000000000000000000                                                      
61R0820253137          0000000010000000000000000100000000000000000000000                                                      
61R0820253616          0000000020000000000000000020000000000000000000000                                                      
61R082025796           0000000010000000000000000640000000000000000000000                                                      
61R0820253136          0000000010000000000000000100000000000000000000000                                                      
61R0820252737          0000000010000000000000000150000000000000000000000                                                      
61R0820253034          0000000010000000000000000240000000000000000000000                                                      
61R082025176403        0000000010000000000000000200000000000000000000000                                                      
61R082025175793        0000000010000000000000000150000000000000000000000                                                      
61R082025175796        0000000010000000000000000150000000000000000000000                                                      
61R082025246197        0000000010000000000000000050000000000000000000000                                                      
61R0820253627          0000000020000000000000000050000000000000000000000                                                      
61R0820252788          0000000010000000000000000590000000000000000000000                                                      
61R0820252778          0000000010000000000000000300000000000000000000000                                                      
61R0820253278          0000000010000000000000000020000000000000000000000                                                      
61R0820253034          0000000010000000000000000240000000000000000000000                                                      
61R0820253278          0000000010000000000000000020000000000000000000000                                                      
61R0820253034          0000000010000000000000000600000000000000000000000                                                      
61R0820253133          0000000010000000000000000100000000000000000000000                                                      
61R0820253536          0000000010000000000000000080000000000000000000000                                                      
61R0820254976          0000000010000000000000000390000000000000000000000                                                      
61R0820253192          0000000010000000000000000080000000000000000000000                                                      
61R0820253129          0000000010000000000000000100000000000000000000000                                                      
61R0820253175          0000000020000000000000000100000000000000000000000                                                      
61R0820253278          0000000020000000000000000040000000000000000000000                                                      
61R0820254976          0000000010000000000000000390000000000000000000000                                                      
61R0820253616          0000000010000000000000000010000000000000000000000                                                      
61R0820252444          0000000010000000000000000235000000000000000000000                                                      
61R0820252347          0000000010000000000000000130000000000000000000000                                                      
61R0820252739          0000000010000000000000000150000000000000000000000                                                      
61R0820253502          0000000010000000000000000050000000000000000000000                                                      
61R0820253504          0000000010000000000000000030000000000000000000000                                                      
61R0820255375          0000000010000000000000000810000000000000000000000                                                      
61R08202582404         0000000010000000000000000380000000000000000000000                                                      
61R0820253060          0000000010000000000000000100000000000000000000000                                                      
61R082025175793        0000000010000000000000000150000000000000000000000                                                      
61R082025173337        0000000010000000000000000120000000000000000000000                                                      
61R082025176003        0000000010000000000000000150000000000000000000000                                                      
61R082025173337        0000000010000000000000000120000000000000000000000                                                      
61R082025243719        0000000010000000000000000540000000000000000000000                                                      
61R0820254014          0000000010000000000000000100000000000000000000000                                                      
61R082025161           0000000010000000000000000180000000000000000000000                                                      
61R082025176403        0000000010000000000000000200000000000000000000000                                                      
61R0820253034          0000000010000000000000000240000000000000000000000                                                      
61R0820253122          0000000010000000000000000270000000000000000000000                                                      
61R0820253502          0000000010000000000000000050000000000000000000000                                                      
61R0820253183          0000000010000000000000000150000000000000000000000                                                      
61R0820253278          0000000010000000000000000020000000000000000000000                                                      
61R0820254023          0000000010000000000000000030000000000000000000000                                                      
61R0820253098          0000000010000000000000000035000000000000000000000                                                      
61R082025176763        0000000010000000000000000500000000000000000000000                                                      
61R0820255222          0000000010000000000000000080000000000000000000000                                                      
61R0820253069          0000000010000000000000000180000000000000000000000                                                      
61R082025175119        0000000010000000000000000300000000000000000000000                                                      
61R0820253135          0000000010000000000000000100000000000000000000000                                                      
61R08202554129         0000000010000000000000000250000000000000000000000                                                      
61R0820253278          0000000010000000000000000020000000000000000000000                                                      
61R0820252735          0000000010000000000000000150000000000000000000000                                                      
61R0820254198          0000000010000000000000000250000000000000000000000                                                      
61R0820253135          0000000010000000000000000100000000000000000000000                                                      
61R082025176403        0000000010000000000000000200000000000000000000000                                                      
61R082025297           0000000010000000000000000150000000000000000000000                                                      
61R082025175119        0000000010000000000000000300000000000000000000000                                                      
61R0820251127          0000000010000000000000000050000000000000000000000                                                      
61R082025391           0000000010000000000000000050000000000000000000000                                                      
61R082025176417        0000000010000000000000000140000000000000000000000                                                      
61R0820255353          0000000010000000000000000070000000000000000000000                                                      
61R0820253034          0000000010000000000000000240000000000000000000000                                                      
61R0820253034          0000000010000000000000000240000000000000000000000                                                      
61R082025175796        0000000010000000000000000150000000000000000000000                                                      
61R082025236           0000000010000000000000000100000000000000000000000                                                      
61R082025175893        0000000010000000000000000100000000000000000000000                                                      
61R0820252743          0000000010000000000000000300000000000000000000000                                                      
61R0820255222          0000000010000000000000000080000000000000000000000                                                      
61R082025175221        0000000010000000000000000080000000000000000000000                                                      
61R082025171176        0000000010000000000000000750000000000000000000000                                                      
61R0820252739          0000000020000000000000000300000000000000000000000                                                      
61R0820252347          0000000010000000000000000130000000000000000000000                                                      
61R0820254317          0000000010000000000000000500000000000000000000000                                                      
61R0820253076          0000000010000000000000000800000000000000000000000                                                      
61R0820253621          0000000010000000000000000100000000000000000000000                                                      
61R0820252773          0000000010000000000000000070000000000000000000000                                                      
61R0820252861          0000000010000000000000000380000000000000000000000                                                      
61R082025178267        0000000020000000000000000350000000000000000000000                                                      
61R0820255405          0000000010000000000000000020000000000000000000000                                                      
61R082025110380        0000000010000000000000000750000000000000000000000                                                      
61R0820252347          0000000010000000000000000130000000000000000000000                                                      
61R0820253191          0000000010000000000000000050000000000000000000000                                                      
61R082025176763        0000000010000000000000000500000000000000000000000                                                      
61R0820252730          0000000010000000000000000230000000000000000000000                                                      
61R0820252791          0000000010000000000000000320000000000000000000000                                                      
61R0820251517          0000000010000000000000000620000000000000000000000                                                      
61R0820253277          0000000010000000000000000120000000000000000000000                                                      
61R0820253135          0000000010000000000000000100000000000000000000000                                                      
61R0820253133          0000000010000000000000000100000000000000000000000                                                      
61R0820253200          0000000010000000000000000050000000000000000000000                                                      
61R0820253627          0000000020000000000000000050000000000000000000000                                                      
61R0820254056          0000000010000000000000000100000000000000000000000                                                      
61R0820253040          0000000010000000000000000180000000000000000000000                                                      
61R0820252806          0000000010000000000000000200000000000000000000000                                                      
61R0820253135          0000000010000000000000000100000000000000000000000                                                      
61R0820253277          0000000010000000000000000120000000000000000000000                                                      
61R0820253117          0000000010000000000000000100000000000000000000000                                                      
61R0820253769          0000000010000000000000000020000000000000000000000                                                      
61R0820253985          0000000010000000000000000200000000000000000000000                                                      
61R0820253046          0000000010000000000000000280000000000000000000000                                                      
61R0820253200          0000000010000000000000000050000000000000000000000                                                      
61R082025170743        0000000010000000000000000260000000000000000000000                                                      
61R0820253181          0000000010000000000000000300000000000000000000000                                                      
61R0820253278          0000000010000000000000000020000000000000000000000                                                      
61R0820253034          0000000010000000000000000240000000000000000000000                                                      
61R0820252940          0000000010000000000000000500000000000000000000000                                                      
61R0820253616          0000000010000000000000000010000000000000000000000                                                      
61R082025391           0000000010000000000000000050000000000000000000000                                                      
61R0820252747          0000000010000000000000000180000000000000000000000                                                      
61R0820253502          0000000010000000000000000050000000000000000000000                                                      
61R0820253278          0000000010000000000000000020000000000000000000000                                                      
61R0820253034          0000000010000000000000000240000000000000000000000                                                      
61R0820253147          0000000010000000000000000100000000000000000000000                                                      
61R0820253060          0000000010000000000000000100000000000000000000000                                                      
61R0820253148          0000000010000000000000000180000000000000000000000                                                      
61R0820253626          0000000010000000000000000450000000000000000000000                                                      
61R0820253192          0000000010000000000000000080000000000000000000000                                                      
61R0820252347          0000000010000000000000000130000000000000000000000                                                      
61R08202544976         0000000010000000000000000260000000000000000000000                                                      
61R0820253117          0000000010000000000000000100000000000000000000000                                                      
61R0820252754          0000000010000000000000000200000000000000000000000                                                      
61R0820252730          0000000020000000000000000460000000000000000000000                                                      
61R082025391           0000000010000000000000000050000000000000000000000                                                      
61R0820253621          0000000010000000000000000100000000000000000000000                                                      
61R082025297           0000000010000000000000000150000000000000000000000                                                      
61R082025171813        0000000010000000000000000120000000000000000000000                                                      
61R0820253514          0000000010000000000000000100000000000000000000000                                                      
61R0820252797          0000000010000000000000000440000000000000000000000                                                      
61R0820253989          0000000010000000000000000040000000000000000000000                                                      
61R0820253117          0000000010000000000000000100000000000000000000000                                                      
61R082025297           0000000010000000000000000150000000000000000000000                                                      
61R0820253522          0000000010000000000000000007000000000000000000000                                                      
61R0820252735          0000000010000000000000000150000000000000000000000                                                      
61R0820253541          0000000040000000000000000020000000000000000000000                                                      
61R082025222485        0000000010000000000000000070000000000000000000000                                                      
61R082025297           0000000010000000000000000150000000000000000000000                                                      
61R0820253522          0000000030000000000000000021000000000000000000000                                                      
61R0820252347          0000000010000000000000000130000000000000000000000                                                      
61R0820252750          0000000010000000000000000050000000000000000000000                                                      
61R0820252962          0000000010000000000000000180000000000000000000000                                                      
61R0820254489          0000000010000000000000000200000000000000000000000                                                      
61R0820252936          0000000010000000000000000270000000000000000000000                                                      
61R0820253006          0000000010000000000000000480000000000000000000000                                                      
61R082025173337        0000000010000000000000000120000000000000000000000                                                      
61R082025175796        0000000010000000000000000150000000000000000000000                                                      
61R0820254357          0000000010000000000000000550000000000000000000000                                                      
61R0820253277          0000000010000000000000000120000000000000000000000                                                      
61R0820254048          0000000010000000000000000040000000000000000000000                                                      
61R0820254048          0000000010000000000000000040000000000000000000000                                                      
61R0820253513          0000000010000000000000000030000000000000000000000                                                      
61R0820253502          0000000010000000000000000050000000000000000000000                                                      
61R0820255222          0000000010000000000000000080000000000000000000000                                                      
61R0820253200          0000000010000000000000000050000000000000000000000                                                      
61R0820252833          0000000010000000000000000200000000000000000000000                                                      
61R0820252347          0000000010000000000000000130000000000000000000000                                                      
61R0820253060          0000000010000000000000000100000000000000000000000                                                      
61R0820253353          0000000010000000000000000250000000000000000000000                                                      
61R0820253761          0000000010000000000000000150000000000000000000000                                                      
61R0820252899          0000000010000000000000000250000000000000000000000                                                      
61R082025735           0000000010000000000000000150000000000000000000000                                                      
61R0820252347          0000000010000000000000000130000000000000000000000                                                      
61R0820252957          0000000010000000000000000120000000000000000000000                                                      
61R082025176763        0000000010000000000000000500000000000000000000000                                                      
61R082025241405        0000000010000000000000000240000000000000000000000                                                      
61R0820253802          0000000050000000000000000200000000000000000000000                                                      
61R0820255222          0000000010000000000000000080000000000000000000000                                                      
61R082025288           0000000020000000000000000140000000000000000000000                                                      
61R0820255006          0000000010000000000000000150000000000000000000000                                                      
61R082025176763        0000000010000000000000000500000000000000000000000                                                      
61R0820252347          0000000010000000000000000130000000000000000000000                                                      
61R082025176783        0000000010000000000000000180000000000000000000000                                                      
61R0820253056          0000000010000000000000000150000000000000000000000                                                      
61R0820253608          0000000030000000000000000021000000000000000000000                                                      
61R0820255222          0000000010000000000000000080000000000000000000000                                                      
61R0820252778          0000000010000000000000000300000000000000000000000                                                      
61R082025170743        0000000010000000000000000260000000000000000000000                                                      
61R0820252754          0000000010000000000000000200000000000000000000000                                                      
61R0820253133          0000000010000000000000000100000000000000000000000                                                      
61R0820253135          0000000010000000000000000100000000000000000000000                                                      
61R0820254110          0000000010000000000000000120000000000000000000000                                                      
61R0820253522          0000000030000000000000000021000000000000000000000                                                      
61R0820252969          0000000010000000000000000130000000000000000000000                                                      
61R0820253277          0000000010000000000000000120000000000000000000000                                                      
61R0820253135          0000000010000000000000000100000000000000000000000                                                      
61R0820253028          0000000010000000000000000180000000000000000000000                                                      
61R082025515           0000000010000000000000000080000000000000000000000                                                      
61R0820255222          0000000010000000000000000080000000000000000000000                                                      
61R082025177130        0000000020000000000000000460000000000000000000000                                                      
61R082025178267        0000000010000000000000000175000000000000000000000                                                      
61R0820252735          0000000010000000000000000150000000000000000000000                                                      
61R08202580523         0000000010000000000000000400000000000000000000000                                                      
61R082025171795        0000000010000000000000000380000000000000000000000                                                      
61R082025171315        0000000010000000000000000150000000000000000000000                                                      
61R0820254014          0000000010000000000000000100000000000000000000000                                                      
61R082025515           0000000010000000000000000080000000000000000000000                                                      
61R0820253004          0000000010000000000000000160000000000000000000000                                                      
61R0820255006          0000000010000000000000000150000000000000000000000                                                      
61R0820253135          0000000010000000000000000100000000000000000000000                                                      
61R0820253277          0000000010000000000000000120000000000000000000000                                                      
61R0820254014          0000000010000000000000000100000000000000000000000                                                      
61R0820252347          0000000010000000000000000130000000000000000000000                                                      
61R0820252739          0000000010000000000000000150000000000000000000000                                                      
61R0820253277          0000000010000000000000000120000000000000000000000                                                      
61R0820253135          0000000010000000000000000100000000000000000000000                                                      
61R0820253192          0000000010000000000000000080000000000000000000000                                                      
61R0820253119          0000000010000000000000000180000000000000000000000                                                      
61R0820253522          0000000030000000000000000021000000000000000000000                                                      
61R0820253537          0000000010000000000000000050000000000000000000000                                                      
61R0820253136          0000000010000000000000000100000000000000000000000                                                      
61R0820253116          0000000010000000000000000100000000000000000000000                                                      
61R0820252957          0000000010000000000000000120000000000000000000000                                                      
61R0820254056          0000000010000000000000000100000000000000000000000                                                      
61R0820253135          0000000010000000000000000100000000000000000000000                                                      
61R082025178267        0000000010000000000000000175000000000000000000000                                                      
61R0820254110          0000000010000000000000000100000000000000000000000                                                      
61R0820252955          0000000010000000000000000480000000000000000000000                                                      
61R0820254317          0000000010000000000000000480000000000000000000000                                                      
61R082025177126        0000000010000000000000000230000000000000000000000                                                      
61R0820251517          0000000020000000000000001240000000000000000000000                                                      
61R0820255006          0000000010000000000000000150000000000000000000000                                                      
61R0820252735          0000000010000000000000000150000000000000000000000                                                      
61R0820254110          0000000010000000000000000120000000000000000000000                                                      
61R0820253278          0000000050000000000000000100000000000000000000000                                                      
61R0820252730          0000000010000000000000000230000000000000000000000                                                      
61R0820255006          0000000010000000000000000150000000000000000000000                                                      
61R0820253278          0000000060000000000000000120000000000000000000000                                                      
61R0820252347          0000000010000000000000000130000000000000000000000                                                      
61R082025171813        0000000010000000000000000120000000000000000000000                                                      
61R0820253069          0000000010000000000000000180000000000000000000000                                                      
61R0820253541          0000000080000000000000000040000000000000000000000                                                      
61R0820252743          0000000010000000000000000300000000000000000000000                                                      
61R0820253522          0000000030000000000000000021000000000000000000000                                                      
61R0820253772          0000000010000000000000000060000000000000000000000                                                      
61R0820255006          0000000010000000000000000150000000000000000000000                                                      
61R0820253070          0000000010000000000000000850000000000000000000000                                                      
61R0820252743          0000000010000000000000000320000000000000000000000                                                      
61R082025735           0000000010000000000000000150000000000000000000000                                                      
61R0820255222          0000000010000000000000000080000000000000000000000                                                      
61R082025111006        0000000010000000000000000120000000000000000000000                                                      
61R0820253191          0000000010000000000000000050000000000000000000000                                                      
61R0820252754          0000000010000000000000000200000000000000000000000                                                      
61R0820253191          0000000010000000000000000050000000000000000000000                                                      
61R0820252979          0000000010000000000000000350000000000000000000000                                                      
61R0820253541          0000000060000000000000000030000000000000000000000                                                      
61R0820252735          0000000010000000000000000150000000000000000000000                                                      
61R082025171813        0000000010000000000000000120000000000000000000000                                                      
61R0820253098          0000000040000000000000000160000000000000000000000                                                      
61R0820253300          0000000030000000000000000090000000000000000000000                                                      
61R0820253184          0000000020000000000000000060000000000000000000000                                                      
61R0820254110          0000000010000000000000000060000000000000000000000                                                      
61R0820253541          0000000100000000000000000050000000000000000000000                                                      
61R082025222485        0000000010000000000000000070000000000000000000000                                                      
61R0820255006          0000000010000000000000000150000000000000000000000                                                      
61R0820253627          0000000020000000000000000050000000000000000000000                                                      
61R0820251517          0000000010000000000000000620000000000000000000000                                                      
61R082025171795        0000000010000000000000000380000000000000000000000                                                      
61R0820252730          0000000010000000000000000230000000000000000000000                                                      
61R0820253541          0000000040000000000000000020000000000000000000000                                                      
61R082025170661        0000000010000000000000000250000000000000000000000                                                      
61R0820253277          0000000010000000000000000120000000000000000000000                                                      
61R0820254110          0000000010000000000000000070000000000000000000000                                                      
61R0820252735          0000000010000000000000000150000000000000000000000                                                      
61R0820251164          0000000010000000000000001200000000000000000000000                                                      
61R0820252735          0000000010000000000000000150000000000000000000000                                                      
61R0820253616          0000000050000000000000000050000000000000000000000                                                      
61R0820253277          0000000010000000000000000120000000000000000000000                                                      
61R0820253158          0000000010000000000000000180000000000000000000000                                                      
61R0820252754          0000000010000000000000000200000000000000000000000                                                      
61R0820253522          0000000030000000000000000021000000000000000000000                                                      
61R0820253616          0000000050000000000000000050000000000000000000000                                                      
61R0820253627          0000000020000000000000000050000000000000000000000                                                      
61R0820255006          0000000010000000000000000150000000000000000000000                                                      
61R0820253135          0000000010000000000000000100000000000000000000000                                                      
61R0820253192          0000000010000000000000000080000000000000000000000                                                      
61R0820251534          0000000010000000000000000480000000000000000000000                                                      
61R082025510           0000000010000000000000000620000000000000000000000                                                      
61R0820253616          0000000030000000000000000030000000000000000000000                                                      
61R0820253504          0000000020000000000000000040000000000000000000000                                                      
61R0820253191          0000000010000000000000000050000000000000000000000                                                      
61R0820255006          0000000010000000000000000150000000000000000000000                                                      
61R0820252750          0000000010000000000000000150000000000000000000000                                                      
61R0820252410          0000000010000000000000000280000000000000000000000                                                      
61R0820252750          0000000010000000000000000150000000000000000000000                                                      
61R0820253136          0000000010000000000000000100000000000000000000000                                                      
61R0820253502          0000000010000000000000000050000000000000000000000                                                      
61R082025171795        0000000010000000000000000380000000000000000000000                                                      
61R082025246197        0000000020000000000000000100000000000000000000000                                                      
61R082025243719        0000000010000000000000000540000000000000000000000                                                      
61R0820254110          0000000020000000000000000200000000000000000000000                                                      
61R0820254979          0000000010000000000000000250000000000000000000000                                                      
61R0820252865          0000000010000000000000000550000000000000000000000                                                      
61R0820253149          0000000010000000000000000180000000000000000000000                                                      
61R0820253135          0000000020000000000000000200000000000000000000000                                                      
61R0820252744          0000000010000000000000000200000000000000000000000                                                      
61R0820255006          0000000010000000000000000150000000000000000000000                                                      
61R0820255492          0000000010000000000000000290000000000000000000000                                                      
61R0820252347          0000000010000000000000000130000000000000000000000                                                      
61R0820253277          0000000010000000000000000120000000000000000000000                                                      
61R0820254014          0000000010000000000000000100000000000000000000000                                                      
61R0820253135          0000000010000000000000000100000000000000000000000                                                      
61R0820253120          0000000010000000000000000150000000000000000000000                                                      
61R0820253191          0000000010000000000000000050000000000000000000000                                                      
61R0820253277          0000000010000000000000000120000000000000000000000                                                      
61R0820253608          0000000180000000000000000126000000000000000000000                                                      
61R0820252347          0000000010000000000000000130000000000000000000000                                                      
61R0820251009          0000000010000000000000000600000000000000000000000                                                      
61R0820253118          0000000010000000000000000150000000000000000000000                                                      
61R0820252843          0000000010000000000000000590000000000000000000000                                                      
61R082025178268        0000000010000000000000000175000000000000000000000                                                      
61R0820252410          0000000010000000000000000280000000000000000000000                                                      
61R08202580523         0000000010000000000000000400000000000000000000000                                                      
61R0820253772          0000000010000000000000000060000000000000000000000                                                      
61R0820252737          0000000010000000000000000150000000000000000000000                                                      
61R0820252444          0000000010000000000000000235000000000000000000000                                                      
61R0820253502          0000000010000000000000000050000000000000000000000                                                      
61R0820252347          0000000010000000000000000130000000000000000000000                                                      
61R0820252949          0000000020000000000000000360000000000000000000000                                                      
61R0820253533          0000000050000000000000000030000000000000000000000                                                      
61R0820252743          0000000010000000000000000300000000000000000000000                                                      
61R0820253191          0000000010000000000000000050000000000000000000000                                                      
61R0820255006          0000000020000000000000000300000000000000000000000                                                      
61R0820253542          0000000020000000000000000040000000000000000000000                                                      
61R0820251120          0000000010000000000000000300000000000000000000000                                                      
61R0820254358          0000000020000000000000000010000000000000000000000                                                      
61R0820253627          0000000020000000000000000050000000000000000000000                                                      
61R082025170194        0000000010000000000000000100000000000000000000000                                                      
61R0820254056          0000000010000000000000000100000000000000000000000                                                      
61R0820253135          0000000010000000000000000100000000000000000000000                                                      
61R0820252814          0000000010000000000000000100000000000000000000000                                                      
61R0820255006          0000000010000000000000000150000000000000000000000                                                      
61R0820252754          0000000010000000000000000200000000000000000000000                                                      
61R0820253623          0000000010000000000000000160000000000000000000000                                                      
61R0820252860          0000000010000000000000000420000000000000000000000                                                      
61R0820253034          0000000010000000000000000250000000000000000000000                                                      
61R0820255498          0000000010000000000000001950000000000000000000000                                                      
61R0820255499          0000000010000000000000001180000000000000000000000                                                      
61R0820253536          0000000010000000000000000050000000000000000000000                                                      
61R082025510           0000000010000000000000000620000000000000000000000                                                      
61R0820252929          0000000010000000000000000200000000000000000000000                                                      
61R0820254977          0000000010000000000000000050000000000000000000000                                                      
61R0820252771          0000000010000000000000000020000000000000000000000                                                      
61R0820251127          0000000010000000000000000050000000000000000000000                                                      
61R0820253136          0000000010000000000000000100000000000000000000000                                                      
61R0820253149          0000000010000000000000000180000000000000000000000                                                      
61R082025175793        0000000020000000000000000300000000000000000000000                                                      
61R0820252347          0000000010000000000000000130000000000000000000000                                                      
61R082025171813        0000000010000000000000000120000000000000000000000                                                      
61R0820251563          0000000010000000000000000290000000000000000000000                                                      
61R0820255006          0000000010000000000000000150000000000000000000000                                                      
61R0820254014          0000000010000000000000000100000000000000000000000                                                      
61R0820253277          0000000010000000000000000120000000000000000000000                                                      
61R082025171813        0000000010000000000000000120000000000000000000000                                                      
61R0820253514          0000000010000000000000000100000000000000000000000                                                      
61R0820253135          0000000010000000000000000100000000000000000000000                                                      
61R0820253353          0000000010000000000000000250000000000000000000000                                                      
61R0820253539          0000000020000000000000000100000000000000000000000                                                      
61R0820252347          0000000010000000000000000130000000000000000000000                                                      
61R082025167           0000000010000000000000000060000000000000000000000                                                      
61R0820253049          0000000010000000000000000150000000000000000000000                                                      
61R0820252957          0000000010000000000000000120000000000000000000000                                                      
61R0820252833          0000000020000000000000000400000000000000000000000                                                      
61R082025165           0000000010000000000000000080000000000000000000000                                                      
61R0820253192          0000000010000000000000000080000000000000000000000                                                      
61R0820254133          0000000010000000000000000050000000000000000000000                                                      
61R0820252748          0000000010000000000000000190000000000000000000000                                                      
61R0820253150          0000000010000000000000000180000000000000000000000                                                      
61R0820252985          0000000010000000000000000100000000000000000000000                                                      
61R0820252817          0000000010000000000000000190000000000000000000000                                                      
61R082025171869        0000000010000000000000000100000000000000000000000                                                      
61R0820253116          0000000010000000000000000100000000000000000000000                                                      
61R082025175796        0000000010000000000000000150000000000000000000000                                                      
61R0820253522          0000000030000000000000000021000000000000000000000                                                      
61R082025170743        0000000010000000000000000260000000000000000000000                                                      
61R0820253047          0000000010000000000000000280000000000000000000000                                                      
61R0820253280          0000000010000000000000000050000000000000000000000                                                      
61R0820253535          0000000010000000000000000080000000000000000000000                                                      
61R082025170743        0000000010000000000000000260000000000000000000000                                                      
61R082025476           0000000010000000000000000590000000000000000000000                                                      
61R0820255301          0000000010000000000000000480000000000000000000000                                                      
61R0820252735          0000000020000000000000000300000000000000000000000                                                      
61R0820252782          0000000010000000000000000270000000000000000000000                                                      
61R08202580523         0000000010000000000000000400000000000000000000000                                                      
61R0820253772          0000000010000000000000000060000000000000000000000                                                      
61R0820253525          0000000010000000000000000050000000000000000000000                                                      
61R082025176986        0000000010000000000000000100000000000000000000000                                                      
61R0820253804          0000000010000000000000000120000000000000000000000                                                      
61R082025173336        0000000010000000000000000100000000000000000000000                                                      
61R0820252347          0000000010000000000000000130000000000000000000000                                                      
61R0820253951          0000000010000000000000000580000000000000000000000                                                      
61R0820252808          0000000010000000000000000200000000000000000000000                                                      
61R0820252934          0000000010000000000000000180000000000000000000000                                                      
61R0820253277          0000000010000000000000000120000000000000000000000                                                      
61R0820253186          0000000010000000000000000650000000000000000000000                                                      
61R0820255222          0000000010000000000000000080000000000000000000000                                                      
61R0820254317          0000000010000000000000000500000000000000000000000                                                      
61R0820253032          0000000010000000000000000180000000000000000000000                                                      
61R082025176986        0000000010000000000000000100000000000000000000000                                                      
61R0820252735          0000000010000000000000000150000000000000000000000                                                      
61R0820253502          0000000010000000000000000050000000000000000000000                                                      
7520250801202508313098          87120010COLAR DE ESFERA ACO CENTRAL                          UN    000000000000000000000000000
7520250801202508313135          87120010MOVIMENTO CENTRAL 45MM C/ COLAR NECO                 UN    000000000000000000000000000
752025080120250831176763        40115000PNEU 26 X 1.95 H-518 PTO IF TRAZA                    UN    000000000000000000000000000
7520250801202508312730          87120010CAMARA 26 PIRELLI                                    UN    000000000000000000000000000
7520250801202508313502          87120010GRAXA 100G                                           UN    000000000000000000000000000
7520250801202508312735          87120010CAMARA 20 BISON                                      UN    000000000000000000000000000
752025080120250831176986        87149990EIXO TRASEIRO 200 X 3/8 C/ESPANCOR S/ COLAR S/BACIA  UN    000000000000000000000000000
752025080120250831165           87149490CABO DE FREIO TRAS COMPLETO CECY                     UN    000000000000000000000000000
7520250801202508313541          87120010REMENDO P                                            UN    000000000000000000000000000
752025080120250831288           35069110COLA BICICLETA CB-01 VIPAL                           UN    000000000000000000000000000
7520250801202508315271          87120010ARO 24 ALUM                                          UN    000000000000000000000000000
752025080120250831170184        87149100CANO SEL ACO 22.2 X 250MM ZINC                       UN    000000000000000000000000000
7520250801202508314980          87120010SELIM KALF 304T PTO                                  UN    000000000000000000000000000
7520250801202508319             87149320RODA DENTADA 46D CROM 2.2 DIVERSO                    UN    000000000000000000000000000
752025080120250831176782        87149320CATRACA 22D CAXINHA DOURADA                          UN    000000000000000000000000000
752025080120250831175798        40132000CAMARA 29X1.90/2.35 BUTYL RUBBER V.AMER              UN    000000000000000000000000000
7520250801202508312775          87120010MANOPLA YD-T09 PRT/PRT                               UN    000000000000000000000000000
7520250801202508313006          87120010DESCANSO LATERAL ABSOLUTE CH AL. PRT.                UN    000000000000000000000000000
7520250801202508313069          87120010CORRENTE TEC 7V                                      UN    000000000000000000000000000
7520250801202508313999          87120010CORRENTE COMUM 1/2X1/8X114                           UN    000000000000000000000000000
7520250801202508313504          87120010LIGA DE BORRACHA                                     UN    000000000000000000000000000
7520250801202508311304          87149320RODA DENTADA MARCHA 28/38/48 IMPORTADA               UN    000000000000000000000000000
7520250801202508315273          87120010GARRAFA ISOTERMICA SKIN BRANCA 710ML                 UN    000000000000000000000000000
7520250801202508312808          87120010MANOPLA ABSOLUTE HL-G138 PRT/VERM                    UN    000000000000000000000000000
7520250801202508314110          87120010REMENDO BORRACHA VULCAFLEX 30 CM                     UN    000000000000000000000000000
752025080120250831222485        35069110XF COLA CIMENTO CVB-01 BISNAGA 15G CX24              UN    000000000000000000000000000
7520250801202508313191          87120010SAPATA SUECA PRT COMUM                               UN    000000000000000000000000000
752025080120250831176417        87149990ALAV CAMBIO 18V AL PTO/POL                           UN    000000000000000000000000000
752025080120250831177101        40132000CAMARA 26 X 1.95/2.125 BUTYL RUBBER V.AM             UN    000000000000000000000000000
7520250801202508312347          73151210CORRENTE GROSSA CARGO CHAIN                          UN    000000000000000000000000000
7520250801202508313522          87120010ELETRODO UNID                                        UN    000000000000000000000000000
7520250801202508313005          87120010DESCANSO CENTRAL SKY ARO 20 A 29                     UN    000000000000000000000000000
752025080120250831173336        87149990EIXO DIANTEIRO 140 X 3/8 C/C PORCA COMPL             UN    000000000000000000000000000
7520250801202508313074          87120010PNEU 26 X1.95 LEVORIN EXCESSEX                       UN    000000000000000000000000000
7520250801202508312444          87149990LUVA P/CICLISTA M SORTIDAS                           UN    000000000000000000000000000
7520250801202508313601          87120010PNEU 20 X 2.125 LEV ATACAMA                          UN    000000000000000000000000000
7520250801202508313042          87120010DISCO DE FREIO ABSOLUTE 180MM 6 FUROS                UN    000000000000000000000000000
752025080120250831170190        87149490CANETA FREIO TRAS ZINC PT 10                         UN    000000000000000000000000000
7520250801202508313174          87120010ROLAMENTO 6000-2RS PPK                               UN    000000000000000000000000000
7520250801202508313034          73181500MOVIMENTO CENTRAL 122 C/ROLAME ABSOLUTE              UN    000000000000000000000000000
7520250801202508312963          87120010BASE DE CERAMICA P/ CORRENTE TECTIRE                 UN    000000000000000000000000000
752025080120250831241407        56041000X REDE ELAST MEDIA P/CAPAC PT 35X35 PT10             UN    000000000000000000000000000
75202508012025083177            87149910CAMBIO TRAS 6VL C/GANCHE DIVERSOS                    UN    000000000000000000000000000
7520250801202508313772          87120010EXPANDER DE GUIDAO MTB                               UN    000000000000000000000000000
752025080120250831175796        40132000CAMARA 26 X 2.125 BUTYL RUBBER V.AMER                UN    000000000000000000000000000
7520250801202508312739          87120010CAMARA 26 BISON                                      UN    000000000000000000000000000
7520250801202508315222          87120010CABO DE FREIO TRAS COMPLETO                          UN    000000000000000000000000000
752025080120250831171813        87149320CATRACA 20D TODA ESFERA DOUR                         UN    000000000000000000000000000
7520250801202508313136          87120010EIXO COMPL. TRAS COMUM WGSPORTS                      UN    000000000000000000000000000
7520250801202508312558          87149990SUPORTE SUECO CROM 21M PIMONT                        UN    000000000000000000000000000
7520250801202508313621          87120010EXPANDER DE GUIDAO MONARK                            UN    000000000000000000000000000
752025080120250831171869        87149990DESCANSO 26 ACO LAT ZINC                             UN    000000000000000000000000000
7520250801202508313004          87120010SAPATA MTB 70MM VERM P/ V-BRAKE                      UN    000000000000000000000000000
752025080120250831297           87149500PEDAL PLAST SUECO S/ESF M CICLO                      UN    000000000000000000000000000
7520250801202508313040          87120010PASTILHA ABSOLUTE ABS-01S                            UN    000000000000000000000000000
7520250801202508315006          87120010CAMARA 26 MAX TUBE TIT.                              UN    000000000000000000000000000
7520250801202508313802          87120010ADESIVOS UNI                                         UN    000000000000000000000000000
7520250801202508313003          87120010SAPATA MTB 70MM C/ PINO SILICONE                     UN    000000000000000000000000000
752025080120250831510           40115000PNEU 26X1.95 PRAEIRO LEVORIN                         UN    000000000000000000000000000
7520250801202508314048          87120010FITA ISOLANTE POT 18MMX5M                            UN    000000000000000000000000000
7520250801202508313753          87120010MOVIMENTO DIRECAO MK SHUN ENG                        UN    000000000000000000000000000
7520250801202508312773          87120010MANOPLA TORNADO MONARK                               UN    000000000000000000000000000
7520250801202508313532          87120010LAMERA MONARK COLORIDAS                              UN    000000000000000000000000000
75202508012025083143418         84821090ROLAMENTO P/ CUBO ABSOLUTE MOD. 6200 1RS             UN    000000000000000000000000000
7520250801202508315280          87120010TARRAXA 4X1 P/REPARO DE VALVULA                      UN    000000000000000000000000000
7520250801202508315281          87120010CONEXAO BOMBA CABECA DE ALUM                         UN    000000000000000000000000000
7520250801202508315178          87120010SUP. ADAPTADOR CANTILEVER DINT.                      UN    000000000000000000000000000
7520250801202508313988          87120010PARAFUSO ABRACADEIRA SELIM                           UN    000000000000000000000000000
752025080120250831171820        87149320CATRACA 18D DOUR                                     UN    000000000000000000000000000
7520250801202508312750          40132000CAMARA 24 BISON 33MM                                 UN    000000000000000000000000000
7520250801202508313137          87120010EIXO COMPL. DIANT COMUM WGSPORTS                     UN    000000000000000000000000000
7520250801202508313113          87120010COROA 46D PRT 2MM                                    UN    000000000000000000000000000
7520250801202508312754          87120010BOMBA DE PE YAMADA PEQUENA                           UN    000000000000000000000000000
7520250801202508314198          87120010PEDIVELA MONOBLOCO 140X15MM PTO                      UN    000000000000000000000000000
7520250801202508312861          87120010GANCHEIRA P/ QUADRO KSW XLT                          UN    000000000000000000000000000
752025080120250831129769        87149990DESCANSO 29 LATEAL PTO C/REGULAGEM                   UN    000000000000000000000000000
7520250801202508313316          87120010PEDAL NYLON METALICO 9/16 PRT                        UN    000000000000000000000000000
7520250801202508312990          87120010ARANHA DIANTEIRA                                     UN    000000000000000000000000000
7520250801202508313186          87120010ALAVANCA RAPID-FIRE 7V YAMADA                        UN    000000000000000000000000000
7520250801202508311517          40115000PNEU 26X1.95 LEVORIN EXCELL                          UN    000000000000000000000000000
7520250801202508313503          87120010REMENDO MEDIO P/ PNEU                                UN    000000000000000000000000000
7520250801202508312736          87120010CAMARA 20 KENDA                                      UN    000000000000000000000000000
7520250801202508312833          87120010SUPORTE P/GUID WG 22MM C/ FURO C/ EXPANDER           UN    000000000000000000000000000
752025080120250831164           87149490CABO DE FREIO DIANTEIRO LIMPO                        UN    000000000000000000000000000
7520250801202508314357          87120010GARFO 24 C/ ROSCA VERM                               UN    000000000000000000000000000
752025080120250831177130        32082019TINTA SPRAY USO GERAL 400ML AZL ESC MUNDIAL PRIME    UN    000000000000000000000000000
752025080120250831178264        32082019TINTA SPRAY ALT TEMP 350ML BCO FOS                   UN    000000000000000000000000000
752025080120250831177126        32082019TINTA SPRAY USO GERAL 400ML LRJA MUNDIAL PRIME       UN    000000000000000000000000000
7520250801202508314172          87120010BOLSA DE QUADRO SKIN SPORT CELL.P/SMART              UN    000000000000000000000000000
75202508012025083180530         87149990BAGAGEIRO 26 TUBO GROSSO, RETO, ARTICUL,             UN    000000000000000000000000000
7520250801202508313627          87120010CABECA DE PITO ALMUN. COLORIDAS                      UN    000000000000000000000000000
7520250801202508312900          87120010BAR ENDS EMBORRACHADO PRT BEFIT                      UN    000000000000000000000000000
7520250801202508312755          87120010BOMBA YAMADA GRANDE                                  UN    000000000000000000000000000
7520250801202508312895          87120010FAROL ABSOLUTE WILD 100                              UN    000000000000000000000000000
7520250801202508312784          87120010SELIM KALF CROSS CARBONADO                           UN    000000000000000000000000000
7520250801202508313124          87120010MOVIMENTO CENTRAL 45MM ROLAM GTS                     UN    000000000000000000000000000
7520250801202508313951          87120010SELIM MTB SNK 811A PTO S/CARR                        UN    000000000000000000000000000
752025080120250831170194        87149990CARRINHO SEL COMPL PTO PT5                           UN    000000000000000000000000000
7520250801202508313130          87120010CAIXA DE DIR. COMUM YAMADA                           UN    000000000000000000000000000
7520250801202508312843          87120010BAGAGEIRO REFORCADO RETO CROM.                       UN    000000000000000000000000000
7520250801202508313608          87120010RAIO UNIDADE                                         UN    000000000000000000000000000
7520250801202508313484          87120010CANOTE SELIM PRT 27.2X350MM                          UN    000000000000000000000000000
7520250801202508312903          87120010MACANETA ALUM V-BRAKE PRT. LOGAN                     UN    000000000000000000000000000
7520250801202508314046          87120010SELIM MTB SNK 802 PTO S/CARR                         UN    000000000000000000000000000
7520250801202508312774          87120010MANOPLA YD-T09 VERM/PRT                              UN    000000000000000000000000000
7520250801202508312821          87120010SUPORTE P/GUID HIGHONE                               UN    000000000000000000000000000
752025080120250831735           87149690PEDAL PLAST SUECO PLATAFORMA NITRUS                  UN    000000000000000000000000000
7520250801202508315307          87120010MEIA OGGI PTO/ROSA TAM: 35/39                        UN    000000000000000000000000000
7520250801202508315120          87120010BUZINA INFANTIL                                      UN    000000000000000000000000000
752025080120250831170205        87149990CESTAO 26 COMPL PTO REF GG35X25X26 CX10              UN    000000000000000000000000000
7520250801202508314134          87120010PEDIVELA ACO 170MM 24/34/42D PTO                     UN    000000000000000000000000000
7520250801202508311313          87149910CAMBIO TRAS 8V PT INDEX 43D PEAK                     UN    000000000000000000000000000
7520250801202508313513          87120010LIXAS VARIADAS                                       UN    000000000000000000000000000
7520250801202508314045          87120010KIT EIXO TRAS 185MM                                  UN    000000000000000000000000000
7520250801202508313175          87120010ROLAMENTO P/ CUBO ABSOLUTE 6000                      UN    000000000000000000000000000
752025080120250831587           84829130ROLAMENTO 6200 TRASEIRO BIKE                         UN    000000000000000000000000000
752025080120250831975           87149990ADAPTADOR DE VALVULA ALUM DOURADO 4589               UN    000000000000000000000000000
7520250801202508312781          87120010SELIM ROYAL SOFT FIT MOUNTAIN BIKE                   UN    000000000000000000000000000
752025080120250831178267        32082019TINTA SPRAY USO GERAL 350ML PTO BR                   UN    000000000000000000000000000
752025080120250831170714        87149619PEDIVELA TRIPLA 28/38/48 PTO C/PROT                  UN    000000000000000000000000000
7520250801202508312763          87120010CHAVE COMBINADA 13MM NOVE54                          UN    000000000000000000000000000
7520250801202508313273          87120010CHAVE 14                                             UN    000000000000000000000000000
7520250801202508314317          87120010SELIM CAIRU 507 PRT/AZUL                             UN    000000000000000000000000000
7520250801202508312957          87120010COROA 46D CROMADA 2MM                                UN    000000000000000000000000000
7520250801202508313761          87120010PEDAL NYLON METALICO 1/2 PRT                         UN    000000000000000000000000000
752025080120250831171795        87149490CONJ FREIO V.B PLAST C/CONDMAC PTO PATIN LISO        UN    000000000000000000000000000
752025080120250831330           40115000PNEU 26X1.1/2X2 PRAEIRO LEVORIN                      UN    000000000000000000000000000
7520250801202508313497          87120010PNEUL LEVORIN 26.2.0                                 UN    000000000000000000000000000
752025080120250831722           87149490PATIN DE FREIO V BRAK ORBITA ALLEN                   UN    000000000000000000000000000
7520250801202508315223          87120010CABO DE FREIO DIANT COMPLETO                         UN    000000000000000000000000000
752025080120250831391           84149010MANGUEIRA BOMBA ALUMINIO 58CM G                      UN    000000000000000000000000000
7520250801202508313036          87120010PASTILHAS PARA FREIO RX ELLEVEN                      UN    000000000000000000000000000
7520250801202508311563          84142000BOMBA YAMADA ALUM 58CM G                             UN    000000000000000000000000000
7520250801202508312809          87120010MANOPLA VESSEL PRT MTB ECON                          UN    000000000000000000000000000
75202508012025083159222         40115000PNEU 20X2.125 PTO, I TORNADO BETA                    UN    000000000000000000000000000
7520250801202508314195          87120010CALHA 20 TRAS VMAXX CUBO ESFERA                      UN    000000000000000000000000000
7520250801202508312967          87120010SELANTE P/ PNEU E CAMARA TECTIRE 120ML               UN    000000000000000000000000000
752025080120250831176403        84799090MANOPLA SILICONE PTO C/PONT                          UN    000000000000000000000000000
7520250801202508313542          87120010CABO DE ACO MARCHA                                   UN    000000000000000000000000000
7520250801202508315276          87120010PNEU 20 X 1.95 LEV PRAIERO                           UN    000000000000000000000000000
752025080120250831121410        87149690PEDAL FULL BIKE SUECO PTO                            UN    000000000000000000000000000
7520250801202508314358          87120010CABECA DE PITO NYLON AMAR.                           UN    000000000000000000000000000
7520250801202508314037          87120010ESPORA FREIO TRAS MK                                 UN    000000000000000000000000000
7520250801202508313192          87120010SAPATA SUECA C/ ARAME                                UN    000000000000000000000000000
752025080120250831515           87149990MANOPLA MTB PRO PRETO WESTER                         UN    000000000000000000000000000
752025080120250831171881        87149990COROA 46D CROM 2,5MM                                 UN    000000000000000000000000000
752025080120250831226042        27101999GRAXA NOBRE 95GR PT12                                UN    000000000000000000000000000
752025080120250831176760        40115000PNEU 20 X 1.75 H-525 PTO                             UN    000000000000000000000000000
7520250801202508313071          87120010PNEU 26X1.1/2X2 VEREDA LEVORIN                       UN    000000000000000000000000000
752025080120250831175793        40132000CAMARA 16 X 2.125 BUTYL RUBBER V.AMER                UN    000000000000000000000000000
7520250801202508312818          87120010RODA LIVRE 7V 14/28D                                 UN    000000000000000000000000000
7520250801202508313145          87120010KIT EIXO TRAS FURADO                                 UN    000000000000000000000000000
7520250801202508312873          87120010CAMBIO TRAS. C/GANCHEIRA N/INDEX CROM. WGSPORTS      UN    000000000000000000000000000
7520250801202508313070          40115000PNEU 29X2.30 EXCESS EX, PTO                          UN    000000000000000000000000000
7520250801202508312904          87149990CADEADO ASPIRAL 12MM ABSOLUTE C/CHAVE                UN    000000000000000000000000000
7520250801202508313200          87120010CABO DE ACO TRAS                                     UN    000000000000000000000000000
7520250801202508313027          87120010PASTILHAS DE FREIO A DISCO VELOFORCE                 UN    000000000000000000000000000
752025080120250831176756        40115000PNEU 26 X 1.1/2 X 2 CONVENCIONAL PTO IF TRAZA        UN    000000000000000000000000000
7520250801202508311422          87149200GANCHEIRA QUADRO AL NEK REF:10                       UN    000000000000000000000000000
7520250801202508312916          87120010CORRENTE 8V TECPLUR                                  UN    000000000000000000000000000
752025080120250831174809        83011000CADEADO CORRENTE PTO 3.5X80CM                        UN    000000000000000000000000000
7520250801202508314056          87120010OLEO MINERAL P/ FREIO HIDRAULICO POTINHO 100ML       UN    000000000000000000000000000
752025080120250831111163        87149990COLAR M CENTRAL 45M CHAPA PT 25                      UN    000000000000000000000000000
752025080120250831176783        87149320CATRACA 24D CAXINHA DOURADA                          UN    000000000000000000000000000
7520250801202508313539          87120010SAPATA MTB COMUM                                     UN    000000000000000000000000000
7520250801202508313495          87120010FREIO V-BRAKE NYLON 1 PAR                            UN    000000000000000000000000000
752025080120250831176762        40115000PNEU 16 X 1.75 H525 PTO                              UN    000000000000000000000000000
7520250801202508312971          87120010KIT REMENDO C/ DUAS ESPATULAS ZEFAL                  UN    000000000000000000000000000
7520250801202508313277          87120010EIXO TRAS. C/ ESFERAS                                UN    000000000000000000000000000
7520250801202508313088          87120010PNEU PIRELLI                                         UN    000000000000000000000000000
7520250801202508313176          87120010ROLAMENTO 6000 P/ CUBO DIANT WGSPORTS                UN    000000000000000000000000000
752025080120250831535           87149990ALAVANCA MACHA AL YAMADA COMUM                       UN    000000000000000000000000000
752025080120250831235           87149490TERMINAL DO CONDUITE P/MACHA PLASTICO PRETO          UN    000000000000000000000000000
7520250801202508314107          87120010CONDUITE DE MARCHA 1 METRO                           UN    000000000000000000000000000
752025080120250831118180        87149500SELIM RVS NEW FULL BIKE PTO/BCO/AZ C/CARR            UN    000000000000000000000000000
7520250801202508312998          87120010VALVULA BRONZE PARA TUBELESS 60MM TSW                UN    000000000000000000000000000
7520250801202508313278          87120010ESFERAS PARA EIXO                                    UN    000000000000000000000000000
7520250801202508315247          87149490FREIO V-BRAKE ALUM NAT LB-919 ALLEN                  UN    000000000000000000000000000
7520250801202508313187          87120010FREIO V-BRAKE NYLON TRAS/DIANT SEM CABOS SEM MANETE  UN    000000000000000000000000000
7520250801202508312940          87120010GARRAFA ISOTERMICA SNOW BOTTLE FACTOR 710ML          UN    000000000000000000000000000
7520250801202508313299          87120010PARAFUSO GARUPA MK                                   UN    000000000000000000000000000
7520250801202508311127          84149010MANGUEIRA P/BOMBA ALUMINIO 40CM P                    UN    000000000000000000000000000
7520250801202508312830          87120010SUPORTE P/GUID GLOMETAL AZUL                         UN    000000000000000000000000000
7520250801202508312367          40115000PNEU 24X1,95 EXCESS                                  UN    000000000000000000000000000
7520250801202508315374          87120010PNEU 24X1.95 PIRELLI RALLY CROSS                     UN    000000000000000000000000000
7520250801202508315373          87120010PEDIVELA ACO INVIKTUS 3V                             UN    000000000000000000000000000
75202508012025083153587         87149619MOVIMENTO CENTRAL SEL. 122MM ABSOLUTE                UN    000000000000000000000000000
752025080120250831992           40115000PNEU 29X2.30 LEVORIN ERUPTION                        UN    000000000000000000000000000
7520250801202508315008          87120010TRAVA GUIDAO MOTO                                    UN    000000000000000000000000000
75202508012025083154129         87149490FREIO V-BRAKE, NYLON, YD-V19, PTO, ALLEN             UN    000000000000000000000000000
7520250801202508314170          87120010CABO DE FREIO TRAS COMPL. COLORIDO                   UN    000000000000000000000000000
7520250801202508314489          87120010SUPORTE GARRAFA TSW                                  UN    000000000000000000000000000
752025080120250831175119        87149320RODA LIVRE 7V 14X28 DOUR                             UN    000000000000000000000000000
752025080120250831532           87149990EIXO TRAS 3/8 145 FURADO P/ESFERA                    UN    000000000000000000000000000
7520250801202508312743          87120010CAMARA 29 PIRELLI                                    UN    000000000000000000000000000
7520250801202508314977          87120010ARAME PARA PARALAMA                                  UN    000000000000000000000000000
7520250801202508313461          87120010SERVICO                                              UN    000000000000000000000000000
7520250801202508312816          87120010APOIO TROLHAO CROM.                                  UN    000000000000000000000000000
752025080120250831171693        87149100JG CENTRO 45MM C/COL CROM                            UN    000000000000000000000000000
7520250801202508313060          87120010MOVIMENTO DIRECAO VESSELMK                           UN    000000000000000000000000000
7520250801202508312747          87120010CAMARA PO-27/28 PIRELLI VALVULA AMERICA              UN    000000000000000000000000000
752025080120250831243719        87141000ANTENA 6 ESTAG P/GUIDAO RETRAT PTO                   UN    000000000000000000000000000
752025080120250831171812        87149320CATRACA 16D DOUR                                     UN    000000000000000000000000000
7520250801202508312782          87120010SELIM KALF 307F                                      UN    000000000000000000000000000
7520250801202508312737          87120010CAMARA 24 BISON                                      UN    000000000000000000000000000
7520250801202508313030          87120010PASTILHA ABSOLUTE ABS-02S                            UN    000000000000000000000000000
752025080120250831173337        87149990EIXO TRASEIRO 180 X 3/8 C/ESF COMPLETO               UN    000000000000000000000000000
7520250801202508313616          87120010REMENDO GRANDE                                       UN    000000000000000000000000000
752025080120250831796           87149320CASSETE 8V 11/36 ULINK                               UN    000000000000000000000000000
752025080120250831246197        27101999GRAXA BRANCA MULTIUSO 80GR CALCI PT10                UN    000000000000000000000000000
7520250801202508312788          87120010BAGAGEIRO REFORCADO PRT                              UN    000000000000000000000000000
7520250801202508312778          87120010SELIM TROPICAL/BRISA ROYAL                           UN    000000000000000000000000000
7520250801202508313133          87149990CATRACA 16D ESFE.DOURADA S/EMBALAGEM                 UN    000000000000000000000000000
7520250801202508313536          87120010CABO DE MARCHA TRAS COMPL                            UN    000000000000000000000000000
7520250801202508314976          87120010SELIM SUECO DUAS MOLAS PTO                           UN    000000000000000000000000000
7520250801202508313129          87120010CAIXA DE DIR. COMUM WGSPORTS                         UN    000000000000000000000000000
7520250801202508315375          87120010ALAV. RAPID-FIRE 8V YAMADA                           UN    000000000000000000000000000
75202508012025083182404         87149990GANCHEIRA NAT, GE413, GTI/HERA, PARAF/BU             UN    000000000000000000000000000
752025080120250831176003        87149490PASTILHA FREIO D S/MOLA HPD02 BLISTER                UN    000000000000000000000000000
7520250801202508314014          87120010EIXO DIANT COMPLETO                                  UN    000000000000000000000000000
752025080120250831161           87149200RAIO 288X2.0 ZINCADO PRETO  36 RAIOS                 UN    000000000000000000000000000
7520250801202508313122          87120010CATRACA 12D YUQIU                                    UN    000000000000000000000000000
7520250801202508313183          87120010EIXO TRAS FURADO ESFERAS                             UN    000000000000000000000000000
7520250801202508314023          87120010CONICO C/ ARRUELA PAR                                UN    000000000000000000000000000
7520250801202508315353          87120010ADESIVO BIKE HOMEM ARANHA                            UN    000000000000000000000000000
752025080120250831236           87120010DESCANSO LAT 26 ZINC IMP                             UN    000000000000000000000000000
752025080120250831175893        87149990MOVIMENTO DIRECAO CXR 21.1M CROM                     UN    000000000000000000000000000
752025080120250831175221        87149990EXP SEXTAVADO 165MM X 21.1MM CROM                    UN    000000000000000000000000000
752025080120250831171176        87149200CALHA 26 X 2,5 DIANT M/K ACO IMP SUECA               UN    000000000000000000000000000
7520250801202508313076          87120010GUIDAO MKDUPLO                                       UN    000000000000000000000000000
7520250801202508315405          87120010MANOPLA FREIO MK PT                                  UN    000000000000000000000000000
752025080120250831110380        87149200CALHA 26 TRAS M/K AL 26X1.1/2 SUECA PASSEIO          UN    000000000000000000000000000
7520250801202508312791          87120010SELIM KALF 304X10 INFANTIL VERD/PRT                  UN    000000000000000000000000000
7520250801202508312806          87120010MANOPLA ABSOLUTE PRT                                 UN    000000000000000000000000000
7520250801202508313117          87120010CATRACA 18D JFI                                      UN    000000000000000000000000000
7520250801202508313769          87120010PARAFUSO DO BALANCIN MK                              UN    000000000000000000000000000
7520250801202508313985          87120010FREIO V-BRAKE ALUM. 1 PAR                            UN    000000000000000000000000000
7520250801202508313046          87120010SUPORTE ADAPT. CANTIVELER TRAS.                      UN    000000000000000000000000000
752025080120250831170743        87149490MACANETA ALUM V.B PTO/AZUL VBL002A                   UN    000000000000000000000000000
7520250801202508313181          87120010EIXO TRAS FURADO ROLAM                               UN    000000000000000000000000000
7520250801202508313147          87120010BLOCAGEM DE EIXO DIANT                               UN    000000000000000000000000000
7520250801202508313148          87120010RAIO ZINC 2.5X275MM                                  UN    000000000000000000000000000
7520250801202508313626          87120010CUBO ROLAMENTO DIANT LARANJA NEON                    UN    000000000000000000000000000
75202508012025083144976         87149619MOVIMENTO CENTRAL ABSOLUTE 45MM ROL ZINC             UN    000000000000000000000000000
7520250801202508313514          87120010MOVIMENTO DIRECAO STANDARD WGSPORTS                  UN    000000000000000000000000000
7520250801202508312797          87120010SELIM CAIRU 523 PRATA/AZUL                           UN    000000000000000000000000000
7520250801202508313989          87120010BLOCAGEM DO CANOTE PRETA                             UN    000000000000000000000000000
7520250801202508312962          87120010BASE DE CERA P/ CORRENTE TECTIRE 60ML                UN    000000000000000000000000000
7520250801202508312936          87120010GARRAFA SQUEEZE ISOTERMICA ICE PRT                   UN    000000000000000000000000000
7520250801202508313353          87120010PEDIVELA MONOBLOCO 165X15MM CROM                     UN    000000000000000000000000000
7520250801202508312899          87120010JOGO DE CENTRO 45MM GTS                              UN    000000000000000000000000000
752025080120250831241405        56041000X REDE ELAST GRANDE P/CAPA VM 42X42 PT10             UN    000000000000000000000000000
7520250801202508313056          87120010PARAFUSOS P/ COROA ABSOLUTE                          UN    000000000000000000000000000
7520250801202508312969          87120010KIT PARA CONSERTO DE CAMARA UNIUM                    UN    000000000000000000000000000
7520250801202508313028          87120010PASTILHA ABSOLUTE M01-Q C/ MOLA                      UN    000000000000000000000000000
75202508012025083180523         87149990SUPORTE GUIDAO GTU ALM, CROSS, FRONTAL,              UN    000000000000000000000000000
752025080120250831171315        82041100JOGO CHAVE ALLEN 2-7MM 6 CH                          UN    000000000000000000000000000
7520250801202508313119          87120010CATRACA 24D JFI                                      UN    000000000000000000000000000
7520250801202508313537          87120010CONDUITE DE FREIO PRETO TRAS                         UN    000000000000000000000000000
7520250801202508313116          87120010CATRACA 18D WGSPORTS                                 UN    000000000000000000000000000
7520250801202508312955          87120010GARRAFA ISOTERMICA SKIN ROSA 710ML                   UN    000000000000000000000000000
752025080120250831111006        87149990CAPA SELIN PASSEIO ESPUMA ESPECIAL 130               UN    000000000000000000000000000
7520250801202508312979          87120010RODA LATERAL COM AJUSTES ARO 12 A 20                 UN    000000000000000000000000000
7520250801202508313300          87120010BACIA TRASEIRA COM BATENTE                           UN    000000000000000000000000000
7520250801202508313184          87120010BACIA TRAS COMUM                                     UN    000000000000000000000000000
752025080120250831170661        87149490CONJ FREIO SUEC TRAS COMPL C/VARAO                   UN    000000000000000000000000000
7520250801202508311164          40115000PNEU 26X2.125 KENDA FLAME PRETO K1008                UN    000000000000000000000000000
7520250801202508313158          87120010RAIO 2.5X240 ZINCADO                                 UN    000000000000000000000000000
7520250801202508311534          87149319CUBO TRAS AL ROLAM. PRETO BRAVO 02                   UN    000000000000000000000000000
7520250801202508312410          87149500SELIM PU JUNIOR, KF-304, PTO, C/CAR                  UN    000000000000000000000000000
7520250801202508314979          87120010RODA LATERAL ARO 16 PTO                              UN    000000000000000000000000000
7520250801202508312865          87120010PEDAL F.STYLE AL. MX-P804 PRT 9/16                   UN    000000000000000000000000000
7520250801202508313149          87120010RAIO ZINC 2.5X265MM                                  UN    000000000000000000000000000
7520250801202508312744          87120010CAMARA 29 BISON                                      UN    000000000000000000000000000
7520250801202508315492          87120010RODA LATERAL ARO 12 PTO                              UN    000000000000000000000000000
7520250801202508313120          87120010CATRACA 22D JFI                                      UN    000000000000000000000000000
7520250801202508311009          40115000PNEU 26X1.1/2 BRAVO SUPER PIRELLI                    UN    000000000000000000000000000
7520250801202508313118          87120010CATRACA 20D GOAL                                     UN    000000000000000000000000000
752025080120250831178268        32082019TINTA SPRAY USO GERAL 350ML PTO FOS                  UN    000000000000000000000000000
7520250801202508312949          87149200RAIO 235X2.5 ZINCADO  36 RAIOS                       UN    000000000000000000000000000
7520250801202508313533          87120010PARAFUSO PARALAMA PEQUENA                            UN    000000000000000000000000000
7520250801202508311120          40132000CAMARA 29 PIRELLE PITO FINO 48MM                     UN    000000000000000000000000000
7520250801202508312814          87120010APOIO TROLINHO ACO. CROM.                            UN    000000000000000000000000000
7520250801202508313623          87120010RAIO 290 X 2.0 PRETO 36 UNID                         UN    000000000000000000000000000
7520250801202508312860          87120010GANCHEIRA NA T-GE303 FLOAT PARAF/BUCH                UN    000000000000000000000000000
7520250801202508315498          87120010CUBO P/ K7 ESFERAS                                   UN    000000000000000000000000000
7520250801202508315499          87120010CAMBIO 9V                                            UN    000000000000000000000000000
7520250801202508312929          87120010MOVIMENTO DIRECAO MEGA OVER PRETO                    UN    000000000000000000000000000
7520250801202508312771          87120010LUVA ALAV FREIO MONARK WESTE PTO                     UN    000000000000000000000000000
752025080120250831167           87149490CABO DE FREIO DIANT COMPLETO                         UN    000000000000000000000000000
7520250801202508313049          87120010MANETE DE FREIO V-BRAKE NYLON WGSPORTS               UN    000000000000000000000000000
7520250801202508314133          87120010ABRACADEIRA TRAS FREIO SUECO                         UN    000000000000000000000000000
7520250801202508312748          87120010CAMARA CARRINHO DE MAO 4.00-8 COLSON                 UN    000000000000000000000000000
7520250801202508313150          87120010RAIO ZINC 2.5X255MM                                  UN    000000000000000000000000000
7520250801202508312985          87120010DESCANCO LATERAL ARO 24 ZINC. SUECO                  UN    000000000000000000000000000
7520250801202508312817          87120010APOIO TROLHAO VERM.                                  UN    000000000000000000000000000
7520250801202508313047          87120010SUPORTE ADAPT. C/ LEVER                              UN    000000000000000000000000000
7520250801202508313280          87120010GUIA CABO FREIO V BREIK  ALUMINIO                    UN    000000000000000000000000000
7520250801202508313535          87120010CABO DE MARCHA DIANT COMPL                           UN    000000000000000000000000000
752025080120250831476           40115000PNEU 20X2X1.3/4 CARGA PIRELLE                        UN    000000000000000000000000000
7520250801202508315301          87120010GUIDAO CROSS BAIXO PTO                               UN    000000000000000000000000000
7520250801202508313525          87120010MANOPLA WESTER PRETA                                 UN    000000000000000000000000000
7520250801202508313804          87120010CATRACA 20D MAX                                      UN    000000000000000000000000000
7520250801202508312934          87120010GARRAFA SQUEEZE TERMICA VERM 55O ML                  UN    000000000000000000000000000
7520250801202508313032          87120010PASTILHAS P/ FREIO A DISCO SF-DB05                   UN    000000000000000000000000000
9008951219000188              500000000254000008346100001301700000000075000003059900002445                                   1